id,name,city,address,manager,railway,coverage,route,sport_facility
VIA005_1,Trento Santa Chiara,Trento Santa Chiara,Piazza Dante,RFI,VALSUGANA,1,relation/295587,way/19832379
VIA005_2,Taio,Taio,Via 4 Novembre,TRENTINO TRASPORTI,MALé,1,relation/295588,way/22868840
VIA005_3,Mollaro,Mollaro,Via dell'Industria,TRENTINO TRASPORTI,MALé,1,relation/295589,way/22868849
VIA005_4,Grumo - S. Michele,Grumo - S. Michele,Via Stazione,TRENTINO TRASPORTI,MALé,1,relation/295590,way/22868982
VIA005_5,Nave S. Felice,Nave S. Felice,Via Nazionale,TRENTINO TRASPORTI,MALé,1,relation/295591,way/23230060
VIA005_6,Zambana,Zambana,Via Stazione,TRENTINO TRASPORTI,MALé,1,relation/295592,way/23230061
VIA005_7,Gardolo,Gardolo,Località Crosare,TRENTINO TRASPORTI,MALé,1,relation/295593,way/23230062
VIA005_8,Caldonazzo,Caldonazzo,38052 Caldonazzo,RFI,VALSUGANA,1,relation/295594,way/23230065
VIA005_9,Calceranica,Calceranica,Via Guido Donegani,RFI,VALSUGANA,1,relation/295595,way/23230066
VIA005_10,MalÞ,MalÞ,Piazza IV Novembre,TRENTINO TRASPORTI,MALé,1,relation/295596,way/23230068
VIA005_11,Strigno,Strigno,Via Stazione 2,RFI,VALSUGANA,1,relation/295597,way/23649328
VIA005_12,Tezze di Grigno,Tezze di Grigno,Via Fabio Filzi,RFI,VALSUGANA,1,relation/295598,way/23649355
VIA005_13,Dermulo,Dermulo,SS43,TRENTINO TRASPORTI,MALé,1,relation/295599,way/23649438
VIA005_14,Villazzano,Villazzano,Via Banala,RFI,VALSUGANA,1,relation/295600,way/23691644
VIA005_15,Levico Terme,Levico Terme,Viale Stazione,RFI,VALSUGANA,1,relation/295601,way/24161645
VIA005_16,Grigno,Grigno,Viale Trento,RFI,VALSUGANA,1,relation/295602,way/24161646
VIA005_17,Mezzocorona Borgata,Mezzocorona Borgata,Piazza Trento,TRENTINO TRASPORTI,MALé,1,relation/295603,way/24161647
VIA005_18,Borgo Valsugana Est,Borgo Valsugana Est,Via Hippoliti 3,RFI,VALSUGANA,1,relation/295604,way/24161648
VIA005_19,Borgo Valsugana Centro,Borgo Valsugana Centro,Viale Piave,RFI,VALSUGANA,1,relation/295605,way/24914212
VIA005_20,Avio,Avio,Via G. Cantore,RFI,BRENNERO,1,relation/295606,way/25032650
VIA005_21,Borghetto sull'Adige,Borghetto sull'Adige,Via S. Biagio,RFI,BRENNERO,1,relation/295607,way/25906396
VIA005_22,Mezzocorona,Mezzocorona,Piazza Trento,RFI,BRENNERO,1,relation/295608,way/25906397
VIA005_23,Mori,Mori,Strada Provinciale 23,RFI,BRENNERO,1,relation/295609,way/25925172
VIA005_24,Rovereto,Rovereto,Via dell'Abetone,RFI,BRENNERO,1,relation/295610,way/25925173
VIA005_25,Serravalle all'Adige,Serravalle all'Adige,SS12,RFI,BRENNERO,1,relation/295611,way/26073963
VIA005_26,Trento FS,Trento FS,Piazza Dante,RFI,BRENNERO,1,relation/295612,way/26723947
VIA005_27,Ala,Ala,Viale 4 Novembre,RFI,BRENNERO,1,relation/295613,way/26724127
VIA005_28,Mezzolombardo,Mezzolombardo,Piazza Dante,TRENTINO TRASPORTI,MALé,1,relation/295614,way/26724128
VIA005_29,Roncegno Bagni-Marter,Roncegno Bagni-Marter,SS 47 della Valsugana,RFI,VALSUGANA,1,relation/295615,way/26724129
VIA005_30,Lavis FS,Lavis FS,Via Stazione,RFI,BRENNERO,1,relation/295616,way/26724130
VIA005_31,Povo-Mesiano,Povo-Mesiano,Via Cascata,RFI,VALSUGANA,1,relation/295617,way/26726850
VIA005_32,Mezzocorona Ferrovia,Mezzocorona Ferrovia,Piazza Trento,TRENTINO TRASPORTI,MALé,1,relation/295618,way/26726851
VIA005_33,Trento San Bartolameo,Trento San Bartolameo,Località Masi,RFI,VALSUGANA,1,relation/295619,way/26727715
VIA005_34,San Cristoforo al Lago - Ischia,San Cristoforo al Lago - Ischia,Via Stazione,RFI,VALSUGANA,1,relation/295620,way/26727725
VIA005_35,Pergine Valsugana,Pergine Valsugana,Viale Dante,RFI,VALSUGANA,1,relation/295621,way/26728489
VIA005_36,Zona Industriale Spini,Zona Industriale Spini,Via Bolzano,TRENTINO TRASPORTI,MALé,1,relation/295622,way/26728490
VIA005_37,Lamar,Lamar,Via Alto Adige,TRENTINO TRASPORTI,MALé,1,relation/295623,way/26728510
VIA005_38,Trento Nord - Zona Commerciale,Trento Nord - Zona Commerciale,Via Giambattista Unterveger,TRENTINO TRASPORTI,MALé,1,relation/295624,way/26728511
VIA005_39,Trento FTM via Dogana,Trento FTM via Dogana,Via Giovanni Segantini,TRENTINO TRASPORTI,MALé,1,relation/295625,way/26728654
VIA005_40,Lavis FTM,Lavis FTM,Via Vittorio Alfieri,TRENTINO TRASPORTI,MALé,1,relation/295626,way/26772175
VIA005_41,Masi di Vigo,Masi di Vigo,38010 Castelletto,TRENTINO TRASPORTI,MALé,1,relation/295627,way/26828593
VIA005_42,Crescino,Crescino,Piazza Dante 1,TRENTINO TRASPORTI,MALé,1,relation/295628,way/27191506
VIA005_43,Denno,Denno,Via Marconi 46,TRENTINO TRASPORTI,MALé,1,relation/295629,way/27191507
VIA005_44,Segno,Segno,38012 Segno,TRENTINO TRASPORTI,MALé,1,relation/295630,way/29848563
VIA005_45,Tassullo,Tassullo,Strada delle Quattro Ville,TRENTINO TRASPORTI,MALé,1,relation/295631,way/29848617
VIA005_46,Cles,Cles,Via Eugenio Dallafior,TRENTINO TRASPORTI,MALé,1,relation/295632,way/29848620
VIA005_47,Cles Polo scolastico,Cles Polo scolastico,Via G. Marconi,TRENTINO TRASPORTI,MALé,1,relation/295633,way/30228519
VIA005_48,Mostizzolo,Mostizzolo,38020 Cis,TRENTINO TRASPORTI,MALé,1,relation/295634,way/31017449
VIA005_49,Bozzana,Bozzana,38022 Caldes,TRENTINO TRASPORTI,MALé,1,relation/295635,way/31115986
VIA005_50,Tozzaga,Tozzaga,Via del Teroldego 1/S,TRENTINO TRASPORTI,MALé,1,relation/295636,way/31737836
VIA005_51,Cassana,Cassana,Piazza Aldo Moro,TRENTINO TRASPORTI,MALé,1,relation/295637,way/31737837
VIA005_52,Cavizzana,Cavizzana,38022 Caldes,TRENTINO TRASPORTI,MALé,1,relation/295638,way/32027671
VIA005_53,Caldes,Caldes,Via del Teroldego 1/S,TRENTINO TRASPORTI,MALé,1,relation/295639,way/32027682
VIA005_54,Terzolas,Terzolas,Via della Stazione 1,TRENTINO TRASPORTI,MALé,1,relation/295640,way/32027689
VIA005_55,Croviana,Croviana,38027 Croviana,TRENTINO TRASPORTI,MALé,1,relation/295641,way/32027690
VIA005_56,Monclassico,Monclassico,38020 Dimaro Folgarida,TRENTINO TRASPORTI,MALé,1,relation/295642,way/32027693
VIA005_57,Dimaro - Presson,Dimaro - Presson,Via Nazionale,TRENTINO TRASPORTI,MALé,1,relation/295643,way/32027715
VIA005_58,Mastellina,Mastellina,38020 Commezzadura,TRENTINO TRASPORTI,MALé,1,relation/295644,way/32027719
VIA005_59,Daolasa,Daolasa,Strada alla Centrale,TRENTINO TRASPORTI,MALé,1,relation/295645,way/32059066
VIA005_60,Piano di Commezzadura,Piano di Commezzadura,Via del Teroldego 1/S,TRENTINO TRASPORTI,MALé,1,relation/295646,way/32059067
VIA005_61,Marilleva 900,Marilleva 900,38020 Marilleva,TRENTINO TRASPORTI,MALé,1,relation/295647,way/32059180
VIA005_62,Mezzana,Mezzana,Via Ingegneria,TRENTINO TRASPORTI,MALé,1,relation/295648,way/38702400