name,type,address,city,postcode,foundation_year,president,players_number,category,athlete,sport
ASD TENNIS LEVICO TERME,squadra,LOCALITA' BELVEDERE,LEVICO TERME,38056,2013,NULL,44,dilettanti,2,tennis
U.S.D. VIGOLANA,squadra,"LOC. CAOLORINE, 1",ALTOPIANO DELLA VIGOLANA,38049,1953,S. Giacomelli,38,dilettanti,1,calcio
ASD PROGETTO DANZA PADOVA,associazione,"LOCALITA’ SILLE, 51",CIVEZZANO,38045,1937,NULL,40,dilettanti,3,danza
ASD CIVEZZANO BASKET,squadra,"VIA TELVANA, 25/A",CIVEZZANO,38045,1949,NULL,41,dilettanti,2,basket
ASD BREAK POINT GOLF CLUB,associazione,"LOC. MASO GRILLO, 4",PERGINE VALSUGANA,38057,1959,NULL,46,dilettanti,1,golf
4 GYM VIGOLANA ASD,palestra,"VIA ALLE FONTI, 8",ALTOPIANO DELLA VIGOLANA,38049,1927,NULL,31,dilettanti,3,ginnastica
JENKY’S CANOA KAYAK ASD,associazione,"FRAZ. ORZANO, 36",CIVEZZANO,38045,1991,NULL,47,dilettanti,1,canoa
UNIONE SPORTIVA LEVICO TERME,squadra,VIALE LIDO,LEVICO TERME,38056,1958,S. Beretta,30,dilettanti,2,calcio
HORSES’NUNATAK ASD,associazione,"VIA DOS DEL BUE, 230",ALTOPIANO DELLA VIGOLANA,38049,2006,NULL,45,dilettanti,3,ippica
OC. SPORTIVA ALDENO ASD,squadra,VIA ALLE ALBERE 3,ALDENO,38060,1996,E. Dietre,46,dilettanti,2,atletica
A.S.D A.C. LEDRENSE,squadra,VIA DI CARPEÀ,LEDRO,38067,1964,C. Sartori,43,dilettanti,1,calcio
A.S.D. ARCIERI VIRTUS,associazione,VIALE DEI TIGLI N. 47,RIVA DEL GARDA,38066,1988,NULL,41,dilettanti,2,tiro con l'arco
A.S.D. ALTLETICA ALTO GARDA E LEDRO,associazione,VIA POMERIO N. 9,ARCO,38062,1944,NULL,32,dilettanti,1,atletica
A.S.D. GINNASTICA TENNO,associazione,VIA DANTE ALIGHIERI N.8,RIVA DEL GARDA,38066,2010,NULL,32,dilettanti,3,ginnastica
A.S.D. GOFAST,associazione,VIALE DEI TIGLI N. 31,RIVA DEL GARDA,38066,1989,NULL,38,dilettanti,3,atletica
A.S.D. PALLAVOLO C9 ARCO RIVA,squadra,VIA DONATORI DI SANGUE N. 5,ARCO,38062,1929,NULL,30,dilettanti,2,pallavolo
A.S.D. TWIRLING ALTOGARDA,associazione,VIA TORRE N. 12,DRO,38074,1939,NULL,36,dilettanti,2,twirling
CIRCOLO SURF TORBOLE,associazione,VIA DELLA LOVA N. 1,NAGO-TORBOLE,38069,2001,NULL,44,dilettanti,3,surf
CIRCOLO TENNIS RIVA ASD,associazione,VIA LIBERAZIONE N. 7,RIVA DEL GARDA,38066,1948,NULL,37,dilettanti,3,tennis
GRUPPO SOMMOZZATORI RIVA DEL GARDA,associazione,VIALE ROVERETO N. 140,RIVA DEL GARDA,38066,1981,NULL,37,dilettanti,1,immersioni
U.S. RIVA DEL GARDA,squadra,VIA DELLE GINESTRE N. 3,RIVA DEL GARDA,38066,1957,M. Ricci,47,dilettanti,3,calcio
A.S.D. TRI-SWIM GARDATRENTINO**,associazione,VIA BASTIONE N. 4,RIVA DEL GARDA,38066,1945,NULL,30,dilettanti,1,nuoto
A.S.D. GINNASTICA TENNO,associazione,VIA DANTE ALIGHIERI,RIVA DEL GARDA,38066,1964,NULL,42,dilettanti,3,ginnastica
A.S.D. GINNASTICA IDEO’,associazione,VIA ANTONIO BUTTURA,MALCESINE,37018,2003,NULL,32,dilettanti,2,ginnastica
S.S.D. BENACENSE 1905 RIVA DEL GARDA,squadra,VIA R.M.RILKE N. 4,RIVA DEL GARDA,38066,2012,A. Pederzolli,30,dilettanti,2,calcio
ASD ACCADEMIA JUDO ALTO GARDA,associazione,VIA S. ALESSANDRO,RIVA DEL GARDA,38066,1986,NULL,50,dilettanti,1,judo
USD ARCO 1895,squadra,VIA POMERIO N. 7,ARCO,38062,1922,R. De Laurentis,41,dilettanti,2,calcio
ASD OLIMPIA ARCO TENNISTAVOLO - O.A.T.T,associazione,VIA A. DEGASPERI N.,ARCO,38062,1995,NULL,40,dilettanti,3,tennistavolo
A.S.D. KNOCK OUT,associazione,VIA NARZELLE N. 10,ARCO,38062,2009,NULL,37,dilettanti,2,lotta
U.S. BAONE ASD,squadra,VIA FOSSA N. 10/B,ARCO,38062,2010,J. Zeni,30,dilettanti,3,calcio
ASD RUGBY ALTO GARDA,squadra,VIA S. ALESSANDRO,RIVA DEL GARDA,38066,1952,NULL,30,dilettanti,1,rugby
ASD GYMNICA,palestra,VIA ALDO MORO N. 17,ARCO,38062,2014,NULL,33,dilettanti,1,ginnastica
CICLISTICA DRO ASD,associazione,LOCALITA’ OLTRA N. 2,DRO,38074,1996,NULL,43,dilettanti,2,ciclismo
S.S. STIVO,squadra,VIA GAMBOR,ARCO,38062,1935,M. Baldessarini,41,dilettanti,1,calcio
A.S.D. ACADEMY OF DANCE AND BALLROOM,associazione,VIA GARDESANA OCCIDENTALE,DRO,38074,1954,NULL,37,dilettanti,3,danza
PAGANELLA OUTDOOR ACADEMY,associazione,Via Tonidandel n.21,FAI DELLA PAGANELLA,38010,1945,NULL,43,dilettanti,3,atletica
ASD JUDOBUDOKAN PAGANELLA,associazione,Via Garibaldi n.68,MOLVENO,38018,2007,NULL,33,dilettanti,1,judo
ASD GYM ART PAGANELLA,palestra,via al Belvedere n.14,FAI DELLA PAGANELLA,38010,1934,NULL,38,dilettanti,1,ginnastica
GINNASTICA VAL DI NON ASD,associazione,Via S. Vito 33,CLES,38023,1922,NULL,50,dilettanti,2,ginnastica
ATLETICA VALLI DI NON E DI SOLE,associazione,Viale Degasperi 163,CLES,38023,1970,NULL,33,dilettanti,1,atletica
SOCIETA' PODISTICA NOVELLA ASD,associazione,Piazza San Giovanni 7,BORGO D'ANAUNIA,38013,1953,NULL,33,dilettanti,2,atletica
ASD POLISPORTIVA TUENNO,associazione,Via Maistrelli 8,VILLE D'ANAUNIA,38019,1932,NULL,32,dilettanti,2,atletica
SMERALDO ICE TEAM VAL DI NON,associazione,Via Lago Smeraldo,BORGO D'ANAUNIA,38013,2012,NULL,49,dilettanti,2,pattinaggio
ASD ANAUNE VAL DI NON,squadra,Viale Degasperi 163,CLES,38023,2013,L. Paternoster,41,dilettanti,2,calcio
UNIONE SPORTIVA BASSA ANAUNIA ASD,squadra,Via Colle Verde 1,DENNO,38010,1929,F. Berti,37,dilettanti,1,calcio
CIRCOLO TENNIS TAVOLO CLES ASD,associazione,Via Degasperi 163,CLES,38023,2006,NULL,48,dilettanti,2,tennis
ASD PREDAIA,squadra,Piazza San Vittore,PREDAIA,38012,1971,G. Rizzardi,50,dilettanti,2,calcio
TEAM TAEKWONDO PREDAIA ASD,associazione,Via alla Torre 11,PREDAIA,38012,1972,NULL,34,dilettanti,1,taekwondo
ASD VAL DI RUMO,squadra,Via Pontara 11,RUMO,38020,1924,NULL,39,dilettanti,2,atletica
AC ALTA ANAUNIA ASD,squadra,Via Marconi 1/1,CAVARENO,38011,1923,A. Endrizzi,47,dilettanti,1,calcio
ASD VAL DI NON BASKET,squadra,Via Strada Romana 5,VILLE D'ANAUNIA,38019,2013,NULL,35,dilettanti,3,basket
ASD GINNASTICA ACROBATICA VALLE DEL NOCE,associazione,"VIA DEL PRESENACH, sn.",MEZZANA,38020,2009,NULL,45,dilettanti,3,ginnastica
SCI FONDO VAL DI SOLE ASD,associazione,"VIA DELLA PRADA, 31",VERMIGLIO,38029,1968,NULL,46,dilettanti,1,sci
ICE ACADEMY & DANCE VAL DI SOLE,associazione,"VIA SILVESTRI, 11",MALè,38027,1988,NULL,30,dilettanti,3,danza
U.S. MONTI PALLIDI ASD,squadra,"PIAZ DE SOTEGRAVA, 20",MOENA,38035,2010,C. Ganz,47,dilettanti,2,calcio
FASSACTIVE ASD,associazione,"STRADA DE TREVE, 101",CANAZEI,38032,1992,NULL,50,dilettanti,3,atletica
ASD FASSA CALCIO,squadra,STRADA PRÉ DE SOT,SAN GIOVANNI DI FASSA,38036,1948,G. Ghetta,41,dilettanti,3,calcio
SKI TEAM FASSA ASD,associazione,"P.ZA SAN NICOLO', 5",SAN GIOVANNI DI FASSA,38036,1930,NULL,45,dilettanti,2,sci
FASSABIKE ASD,associazione,"STRÈDA MARMOLADA,",CANAZEI,38032,1965,NULL,39,dilettanti,2,ciclismo
U.S.D. GARIBALDINA,squadra,"Via della Prepositura, 9",S. MICHELE,38098,1954,A. Carpi,48,dilettanti,2,calcio
A.S.D. ATLETICA ROTALIANA,associazione,Via Cavalleggeri Udine 39,MEZZOLOMBARDO,38017,1961,NULL,30,dilettanti,1,atletica
A.S.D. BASILISCO VOLLEY,squadra,"Via Fornai, 4",MEZZOCORONA,38016,1944,NULL,31,dilettanti,3,pallavolo
A.S.D. BF DANCE STUDIO,associazione,"Via Perlasca, 4",MEZZOLOMBARDO,38017,1988,NULL,45,dilettanti,1,danza
A.S.D. ROTALIANA BASKET E MINIBASKET,squadra,"Via Trento,88",MEZZOLOMBARDO,38017,1926,NULL,35,dilettanti,3,basket
A.S.D. CIRCOLO TENNIS MEZZOCORONA,associazione,"via Sottodossi, 5",MEZZOCORONA,38016,1990,NULL,39,dilettanti,2,tennis
S.S.D. TAMBURELLO FAEDO,squadra,"Via Case Sparse loc. Tho,",S. MICHELE,38098,2011,NULL,38,dilettanti,1,tamburello
A.S.D. CIRCOLO TENNIS MEZZOLOMBARDO,associazione,"MEZZOLOMBARDO Via Cavalleggeri Udine, 8",MEZZOLOMBARDO,38017,1949,NULL,36,dilettanti,2,tennis
GDM VAL DI CEMBRA,associazione,Via Frazione Scancio,SEGONZANO,38047,1994,NULL,33,dilettanti,3,atletica
ASD Val di Cembra Calcio,squadra,Via Corniole 1,GIOVO,38030,1952,P. Michelon,41,dilettanti,1,calcio
ASD Val di Cembra Volley,squadra,"Via Negritelle, 1",CEMBRA,38034,1990,NULL,49,dilettanti,3,pallavolo
Asd Qwan Ki Do Vietsù,associazione,Fraz. Scancio,SEGONZANO,38047,1963,NULL,33,dilettanti,3,lotta
U.S. DOLOMITICA A.S.D.,squadra,"Via Cesare Battisti, 4/A",PREDAZZO,38037,1922,R. Brigadoi,47,dilettanti,2,calcio
CENTRO DANZA TESERO 2000 A.S.D.,associazione,"Via Noval, 5",TESERO,38038,1946,NULL,39,dilettanti,2,danza
CIRCOLO TENNIS PREDAZZO A.S.D.,associazione,"Via Rododendri, 29",PREDAZZO,38037,1996,NULL,35,dilettanti,3,tennis
A.S.D. PALLAMANO FIEMME-FASSA,squadra,"Piazza Scopoli, 7",CAVALESE,38033,2008,NULL,33,dilettanti,2,pallamano
A.S.D. G.S. TRILACUM,squadra,Via 12 settembre,TRENTO,38123,1954,A. Nardelli,49,dilettanti,3,calcio
A.S.D. VOLLEY VALLE DEI LAGHI,squadra,VIA DON NEGRI 37/A,CAVEDINE,38073,1999,NULL,35,dilettanti,3,pallavolo
VALLE DI CAVEDINE BASKET,squadra,VIA DON NEGRI 28,CAVEDINE,38073,1971,NULL,46,dilettanti,1,basket
YAMABUSHI RYU SCUOLA DI JUDO E ARTI MARZIALI,associazione,"LOC, CASTEL MADRUZZO",MADRUZZO,38076,1967,NULL,37,dilettanti,2,judo
A.S.D. TOBLINO CALCIO,squadra,P.ZZA SANTA MARIA ASSUNTA 1,MADRUZZO,38076,2000,C. Lunelli,43,dilettanti,3,calcio
UNIONE SPORTIVA DILETTANTISTICA TELVE,squadra,"LOC. ORTISE’, 1/B",TELVE,38050,1925,S. Ferrai,34,dilettanti,3,calcio
A.S.D. QWAN KI DO TANG LANG BORGO V.,associazione,"VIA MOLINI, 7",TORCEGNO,38050,1975,NULL,46,dilettanti,1,lotta
ASD ORTIGARALEFRE OSPEDALETTO,squadra,"VIA GUIDO TOMASINI, 6",OSPEDALETTO,38050,1920,Y. Floriani,47,dilettanti,3,calcio
ASD LIFESTYLE BORGO VALSUGANA,associazione,"VIA PUISLE, 29",BORGO VALSUGANA,38051,1950,NULL,37,dilettanti,1,ginnastica
SMILE SPORTS ACADEMY SSD ARL CON SOCIO UNICO,associazione,"VIA DOGANA, 1",TRENTO,38123,1981,NULL,48,dilettanti,1,ginnastica
ASD DOJO M° BENEMERITO DARIO TARABELLI,associazione,"VIA MENGUZZATO,",TRENTO,38123,1938,NULL,45,dilettanti,2,lotta
SND NUOTATORI TRENTINI ASD,associazione,"VIA 4 NOVEMBRE,",TRENTO,38123,1980,NULL,42,dilettanti,3,nuoto
ASSOCIAZIONE SPORT SENZA FRONTIERE TRENTINO APS ASD,associazione,VIA MANZONI 6,TRENTO,38123,1971,NULL,37,dilettanti,2,atletica
UNIONE SPORTIVA AURORA ASD,squadra,VIA SOLTERI 66,TRENTO,38123,1971,NULL,38,dilettanti,2,atletica
G. S. SOLTERI SAN GIORGIO ASD,squadra,VIA SOLTERI 66,TRENTO,38123,1972,L. Germano,32,dilettanti,1,calcio
USD MONTEVACCINO,squadra,STRADA DI MONTEVACCINO 1,TRENTO,38123,1927,R. Robol,46,dilettanti,2,calcio
APD LE GORGHE,associazione,STRAINER 1,TRENTO,38123,1937,NULL,45,dilettanti,3,atletica
HOCKEY CLUB TRENTO ASD,associazione,"VIA FERSINA, 15",TRENTO,38123,1947,NULL,41,dilettanti,3,hockey
ATA TRENTO VOLLEY ASD,squadra,VIA FERSINA 21,TRENTO,38123,1992,NULL,50,dilettanti,2,pallavolo
U.S. DOLASIANA A.S.D.,squadra,DELLE SUGARINE,TRENTO,38123,2009,P. Palla,42,dilettanti,1,calcio
A.P.D. REN,associazione,LUNG’ADIGE LEOPARDI 88,TRENTO,38123,1983,NULL,49,dilettanti,2,atletica
U.S. SOPRAMONTE A.S.D.,squadra,DI MURA 22,TRENTO,38123,1954,D. Agostini,38,dilettanti,3,calcio
ASD PROMOVOLLEY,squadra,VIA DOS TRENTO,TRENTO,38123,1932,NULL,45,dilettanti,3,pallavolo
ASD MINIBASKET TRENTO,squadra,VIA ADALBERTO LIBERA,TRENTO,38123,1956,NULL,45,dilettanti,2,basket
JUNIOR BASKET TRENTO SDRL,squadra,VIA ADALBERTO LIBERA,TRENTO,38123,1924,NULL,32,dilettanti,3,basket
UNIONE SPORTIVA DILETTANTISTICA GARDOLO,squadra,"VIA XXV APRILE, 10",TRENTO,38123,1993,C. Paolazzi,46,dilettanti,2,calcio
TRENTO BOXE NEW ATHLETIC TEAM ASD,associazione,VIA DI COLTURA 8,TRENTO,38123,1944,NULL,49,dilettanti,2,lotta
ASD DANZE SPORTIVE DES ETOILES,associazione,"VIA CONCI, 86/D",TRENTO,38123,1957,NULL,50,dilettanti,2,danza
ASDPS UNIONE SCACCHISTA TRENTINA,associazione,VIA FERSINA 21,TRENTO,38123,1938,NULL,31,dilettanti,1,scacchi
G.S. BELVEDERE ASD,squadra,S.MARINA 46/2,TRENTO,38123,1989,NULL,39,dilettanti,1,atletica
A.P.D. RARI NANTES TRENTO,associazione,"VIA BETTINI, 7/A",TRENTO,38123,1940,NULL,31,dilettanti,3,nuoto
TORREFRANCA MATTARELLO ASD,squadra,DEL CASTEL 5,TRENTO,38123,1992,NULL,36,dilettanti,3,atletica
A.S.D. CALISIO CALCIO,squadra,"PREDISCOLA, 18",TRENTO,38123,1948,A. Basso,33,dilettanti,2,calcio
BOLGHERA VOLLEY,squadra,VIA ANTONIO GRAMSCI,TRENTO,38123,1982,NULL,43,dilettanti,3,pallavolo
GINNASTICA TRENTO a r.l.,palestra,VIA AURELIO NICOLODI,TRENTO,38123,1978,NULL,49,dilettanti,1,ginnastica
TRENTINO VOLLEY SRL,squadra,VIA BRENNERO 276,TRENTO,38123,2004,NULL,36,professionisti,1,pallavolo
UNIONE SPORTIVA RAVINENSE,squadra,via Filari Longhi 2/B,TRENTO,38123,2010,N. Stanchina,38,dilettanti,2,calcio
UNIONE SPORTIVA MATTARELLO CALCIO ASD,squadra,"Piazza Ergolding, 1",TRENTO,38123,1951,A. Tartari,48,dilettanti,3,calcio
ADS US INVICTA DUOMO,squadra,MADRUZZO 45,TRENTO,38123,1934,D. Andreatta,50,dilettanti,2,calcio
ASD BONDONE PALLAMANO,squadra,VIA DELLA MALPENSADA,TRENTO,38123,1941,NULL,49,dilettanti,2,pallamano
AD ARCOBALENO BASKET,squadra,"VIA 4 NOVEMBRE,",TRENTO,38123,1954,NULL,44,dilettanti,3,basket
ASD ATLETICA TRENTO,associazione,VIA SALE’ 25,TRENTO,38123,1940,NULL,41,dilettanti,2,atletica
ASD IL GIRASOLE,squadra,VIA DELLA BELLINA,TRENTO,38123,1953,NULL,43,dilettanti,3,atletica
ASD GS TRILACUM,squadra,Via 12 SETTEMBRE,TRENTO,38123,1992,NULL,48,dilettanti,3,atletica
AD.PALLACANESTRO VILLAZZANO,squadra,VIA 4 NOVEMBRE,TRENTO,38123,1961,NULL,42,dilettanti,1,basket
A.S.D. ARTS&GYM,palestra,Via Salorno 12,TRENTO,38123,1942,NULL,35,dilettanti,1,ginnastica
CLUB CICLISTICO FORTI E VELOCI A.S.D.,associazione,Via dei Rimoni 26,TRENTO,38123,1926,NULL,37,dilettanti,3,ciclismo
SPORTIVI GHIACCIO TRENTO A.S.D.,associazione,VIA FERSINA 15,TRENTO,38123,1971,NULL,45,dilettanti,2,pattinaggio
TRENTO BASEBALL ASD,squadra,VIA DEL MASO SMALZ,TRENTO,38123,1957,NULL,48,dilettanti,1,baseball
ASD VIRTUS TRENTO,squadra,VIA DELLE CANOPE,TRENTO,38123,1977,L. Franceschini,50,dilettanti,3,calcio
ASD JUDO LAVIS,associazione,VIA DAL LAVACHEL,TRENTO,38123,2013,NULL,47,dilettanti,2,judo
BUDO NO MICHI,associazione,PALESTRE COMUNALI,PERGINE VALSUGANA,38057,2003,NULL,37,dilettanti,3,lotta
ASD CENTRO STUDI MOVI-MENTE,associazione,PALESTRE GARBARI,PERGINE VALSUGANA,38057,2008,NULL,38,dilettanti,2,ginnastica
ASD BASKET PERGINE,squadra,CENTRO SPORTIVO COSTA,PERGINE VALSUGANA,38057,1926,NULL,37,dilettanti,3,basket
POLISPORTIVA OLTREFERSINA AD,squadra,SCUOLE MEDIE C. ANDREATTA,BASELGA DI PINè,38042,1945,S. Sartori,31,dilettanti,3,calcio
ASD JUDO CLUB PERGINE,associazione,PALESTRE COMUNALI,PERGINE VALSUGANA,38057,2010,NULL,48,dilettanti,1,judo
VALSUGANA BASKET SRL - SSD,squadra,PALAGHIACCIO PERGINE,PERGINE VALSUGANA,38057,1935,NULL,45,dilettanti,2,basket
A.S.D. HOCKEY PERGINE,squadra,"Piazza Giovanni XXIII, 1",ALA,38060,1934,NULL,31,dilettanti,1,hockey
A.S.D. RARI NANTES ALA,associazione,"Via Canestrini, 18",ALA,38060,1989,NULL,49,dilettanti,2,nuoto
BASSA VALLAGARINA VOLLEY,squadra,"Viale A. Degasperi, 73",AVIO,38063,1923,NULL,45,dilettanti,3,pallavolo
A.S.D. APECHERONZA BASKET AVIO,squadra,"Via Degasperi, 73",AVIO,38063,1960,NULL,49,dilettanti,3,basket
A.S.D. AVIO CALCIO,squadra,"Via Degasperi, 11",AVIO,38063,1977,B. J. De Oliveira,36,dilettanti,2,calcio
A.S.D. AVIO S.C.,squadra,"Via Marconi, 1",AVIO,38063,2008,NULL,47,dilettanti,3,atletica
A.S.D. JUNIOR SPORT AVIO,squadra,"Via Roma, 60",AVIO,38063,2000,NULL,30,dilettanti,1,atletica
A.S.D. BRENTONICO SKI TEAM,associazione,"Via Dosso Maggiore, 11",BRENTONICO,38060,1948,NULL,49,dilettanti,2,sci
A.S.D. GRUPPO SCIATORI BRENTONICO,associazione,"Loc. Santa Caterina, 11",BRENTONICO,38060,1953,NULL,39,dilettanti,2,sci
A.C.D. MONTE BALDO,squadra,"Via al Rocol, 4",BRENTONICO,38060,1940,M. Tonolli,34,dilettanti,3,calcio
A.S.D. TENNIS CLUB BRENTONICO,associazione,"Via S. D'Acquisto, 21/A",BRENTONICO,38060,1930,NULL,40,dilettanti,3,tennis
A.S.D. POLISPORTIVA ALPE CIMBRA,squadra,"Piazza Damino Chiesa, 1",FOLGARIA,38064,1964,I. Pergher,48,dilettanti,2,calcio
A.S.D. TEAM WRESTLING ISERA,associazione,"Piazza Damino Chiesa, 1",ISERA,38060,1967,NULL,43,dilettanti,3,lotta
A.S.D. PALLAMANO PRESSANO,squadra,Piazza G.N. Della Croce,LAVIS,38015,1945,NULL,45,dilettanti,1,pallamano
C.R.C.S.D. PAGANELLA BASKET,squadra,"Via Paganella, 52",LAVIS,38015,1943,NULL,47,dilettanti,1,basket
U.S. LAVIS,squadra,"Via Paganella, 52",LAVIS,38015,1994,M. Rosa,42,dilettanti,3,calcio
A.S.D. ADIGE UHC,squadra,"Via Lomba, 23",MORI,38065,1920,NULL,50,dilettanti,3,atletica
A.S.D. GRUPPO SCIATORI MORI,associazione,"Via Cooperazione, 18",MORI,38065,1928,NULL,49,dilettanti,3,sci
A.S.D. MORI SANTO STEFANO,squadra,"Via Lomba, 23",MORI,38065,1943,G. Natoli,30,dilettanti,2,calcio
S.C. MORI 2021 A.S.D.,squadra,"Via Lomba, 23",MORI,38065,1937,NULL,34,dilettanti,2,atletica
FCD NOGAREDO,squadra,"Via Verdi, 40",NOGAREDO,38060,1982,R. Merlino,45,dilettanti,2,calcio
A.D. SCI CLUB CITTÀ DI ROVERETO,associazione,"Via Prati, 3/B",ROVERETO,38068,2008,NULL,47,dilettanti,3,sci
A.D.C. LENO,squadra,"Via Santa Croce, 8",ROVERETO,38068,2015,E. Pellizzari,38,dilettanti,1,calcio
A.P.D. KOSMOS ROVERETO,associazione,"Via della Roggia, 45",ROVERETO,38068,1960,NULL,36,dilettanti,3,ginnastica
A.S.D. ACCADEMIA TAEKWON-DO HWA RANG-DAN,associazione,"Via Fermi, 2",ROVERETO,38068,1987,NULL,47,dilettanti,2,lotta
A.S.D. ARTEA,associazione,"Corso Bettini, 58",ROVERETO,38068,1993,NULL,40,dilettanti,3,atletica
A.S.D. CIRCOLO AMBIENTE E VITA,associazione,"Via Giovanni Segantini,",ROVERETO,38068,1923,NULL,50,dilettanti,3,ginnastica
A.S.D. EDEN GYM,palestra,"Via Tartarotti, 46",ROVERETO,38068,1921,NULL,36,dilettanti,3,ginnastica
A.S.D. GINNASTICA ARTISTICA MONDIAL ROVER,associazione,"Via Panizza, 41",ROVERETO,38068,1992,NULL,46,dilettanti,2,ginnastica
A.S.D. GINNASTICA ROVERETO,associazione,"Via Baratieri, 26",ROVERETO,38068,1940,NULL,48,dilettanti,1,ginnastica
A.S.D. IPPON ACADEMY,associazione,"Via Zotti, 17",ROVERETO,38068,1942,NULL,35,dilettanti,1,ippica
A.S.D. JUNIOR BASKET ROVERETO,squadra,"Via S. Croce, 21",ROVERETO,38068,1970,NULL,37,dilettanti,3,basket
A.S.D. LAGARIA RUGBY ROVERETO,squadra,"Via Chiesa S. Martino,",ROVERETO,38068,1973,NULL,48,dilettanti,3,rugby
A.S.D. LAGARIS VOLLEY,squadra,"Via S. Pellico, 16",ROVERETO,38068,1997,NULL,41,dilettanti,3,pallavolo
A.S.D. LOTTA CLUB ROVERETO,associazione,"Via Ferrari, 10",ROVERETO,38068,1963,NULL,48,dilettanti,1,lotta
A.S.D. LOTTA OLIMPICA SAN GIORGIO,associazione,"Via Telani, 2",ROVERETO,38068,2011,NULL,38,dilettanti,3,lotta
A.S.D. NEW ATHLETIC TEAM ROVERETO BOXE,associazione,"Via della Roggia, 45/A",ROVERETO,38068,1984,NULL,32,dilettanti,1,atletica
A.S.D. PALLAVOLO LIZZANA,squadra,"Via Panizza, 34",ROVERETO,38068,1968,NULL,40,dilettanti,1,pallavolo
A.S.D. PARKOUR ROVERETO,associazione,"Viale Trento, 33/E",ROVERETO,38068,1992,NULL,39,dilettanti,1,parkour
A.S.D.PEŇA ANDALUZA,associazione,"Corso Rosmini, 11",ROVERETO,38068,1935,NULL,50,dilettanti,2,atletica
A.S.D. PUNTO FITNESS,palestra,"Via alla Busa, 10/A",ROVERETO,38068,2000,NULL,44,dilettanti,2,ginnastica
A.S.D. QWAN KI DO,associazione,"Via A. G. Prato, 61",ROVERETO,38068,1974,NULL,47,dilettanti,3,lotta
A.S.D. ROVERETO BASEBALL,squadra,"Via Indipendenza, 22",ROVERETO,38068,2015,NULL,33,dilettanti,1,baseball
A.S.D. SACCO SAN GIORGIO,squadra,"Via L. da Vinci, 60",ROVERETO,38068,1937,L. Ercolani,48,dilettanti,3,calcio
CIRCOLO TENNIS ROVERETO,associazione,"Via Lungo Leno Destro,",ROVERETO,38068,2008,NULL,38,dilettanti,3,tennis
FOOTBALL CLUB ROVERETO S.C.S.D.,squadra,"Vicolo del Messaggero,",ROVERETO,38068,2009,V. Caliari,39,dilettanti,3,calcio
LENO 2001 S.S.D. A.R.L.,squadra,"Via Udine, 18",ROVERETO,38068,2014,NULL,34,dilettanti,3,atletica
S.S.D. NONSOLOFITNESS,associazione,"Viale Trento, 32/E",ROVERETO,38068,1976,NULL,45,dilettanti,3,ginnastica
S.S.D. ROVERETO SCHERMA,associazione,"Via Untersteiner, 11",ROVERETO,38068,1924,NULL,41,dilettanti,3,scherma
U.S. LIZZANA,squadra,Via Tagliamento,ROVERETO,38068,1934,R. Robol,43,dilettanti,1,calcio
U.S. MARCO,squadra,"Via Ruina Dantesca, 79",ROVERETO,38068,1955,A. Vaccari,42,dilettanti,1,calcio
U.S. QUERCIA ROVERETO,squadra,"Via Palestrina, 3",ROVERETO,38068,1974,NULL,47,dilettanti,1,atletica
U.S.D. VIRTUS ROVERE,squadra,"Via Sabbioni, 9",ROVERETO,38068,1953,P. Peroni,40,dilettanti,3,calcio
A.S.D. LAGARINA CRUS TEAM,squadra,"Via Solari, 10",VILLA LAGARINA,38060,1926,NULL,32,dilettanti,3,atletica
U.S. VALLAGARINA,squadra,"Via Giardini, 1",VILLA LAGARINA,38060,1996,M. Maffei,33,dilettanti,2,calcio
A.S.D. ATHESIS CALCIO,squadra,"Via XXV Aprile, 1",VOLANO,38060,2000,F. Mattè,46,dilettanti,1,calcio
A.S.D. S.C. VOLANO,squadra,"Via XXV Aprile, 11",VOLANO,38060,1955,A. Boschi,45,dilettanti,1,calcio
SCI CLUB FIAVE’ A.S.D.,associazione,"Via A. Degasperi, 10/d",FIAVè,38075,1992,NULL,40,dilettanti,2,sci
A.S.D. BRENTA NUOTO,associazione,Loc. Promeghin,SAN LORENZO DORSINO,38078,1966,V. Mattioli,47,dilettanti,3,calcio
POLISPORTIVA A.S.D. CASTEL STENICO,squadra,"Via Garibaldi, 2",STENICO,38070,1954,NULL,37,dilettanti,1,pallavolo
A.S.D. CALCIO STENICO S. LORENZO,squadra,Via Risorgimento 25,STENICO,38070,2001,D. Calvetti,50,amatori,3,calcio
A.S.D. COMANO TERME FIAVE',squadra,Via Lungo Sarca,PONTE ARCHE,38077,1997,F. Poletti,50,dilettanti,3,calcio
A.S.D. HOCKEY CLUB VALRENDENA,associazione,"Via allo Stadio, 25",PINZOLO,38086,1945,NULL,50,dilettanti,2,hockey
TENNIS CLUB PINZOLO,associazione,"Via allo Stadio, 25",PINZOLO,38086,1980,NULL,37,dilettanti,1,tennis
SPORTING CLUB CAMPIGLIO,associazione,"Via Monte Spinale, 16",PINZOLO,38086,1957,NULL,42,dilettanti,3,atletica
A.C.D. PINZOLO VALRENDENA,squadra,Fraz. Fisto,SPIAZZO,38088,1969,M. Pradini,40,dilettanti,1,calcio
A.S.D. SETTAURENSE 1934,squadra,"Loc. Grilli, 2",STORO,38089,1925,F. Moneghini,32,dilettanti,3,calcio
A.S.D. SOC. ATLETICA VALCHIESE,associazione,Piazza XVI Artiglieria,STORO,38089,1922,NULL,30,dilettanti,3,atletica
A.S.D. VIRTUS GIUDICARIESE,squadra,Via F. Serafini 9,PREORE,38070,1965,E. Fedrizzi,40,dilettanti,1,calcio
ASSOCIAZIONE TENNIS DARZO,associazione,Piazza XVI Artiglieria,STORO,38089,2009,NULL,32,dilettanti,3,tennis
A.S.D. TEAMVOLLEY C8,squadra,"Via C. Battisti, 50",STORO,38089,2012,NULL,39,dilettanti,1,pallavolo
A.S.D. BRENTA VOLLEY,squadra,"Via D. Chiesa, 9",TIONE DI TRENTO,38079,1952,NULL,35,dilettanti,3,pallavolo
A.S.D. AGONISTICA VALSABBIA GIUDICARE,associazione,"Via Pozzo Madama, 8",STORO,38089,2001,NULL,37,dilettanti,2,atletica
A.C.V.R. AGONISTICA CAMPIGLIO VAL RENDENA,associazione,"Piazza San Giacomo, 7",PINZOLO,38086,1997,NULL,34,dilettanti,3,atletica