id,name,description,type,cost,timetable,status,sport_facility
1,Servizio Bar,Bar ristoro per i clienti,ristoro,100,dalle 10 alle 19,in funzione,relation/295615
2,App,Applicazione per i clienti,digitale,0,senza orario,in funzione,relation/295616
3,Prenotazione,Possibilità di prenotare,a voce,5,dalle 15 alle 18,in funzione,relation/295617
4,App,App dell'impanto,digitale,0,senza orario,in funzione,relation/295618
5,App,App sportiva,digitale,0,senza orario,in funzione,relation/295619
6,Prenotazione,Possibilità di prenotare,via app,3,dalle 10 alle 12,in funzione,relation/295620
7,Prenotazione,Possibilità di prenotare,a voce,10,dalle 13 alle 15,in funzione,relation/295621