id,route_number,stops,stops_time,time,length,calendar,wheelchair_boarding,path,stop,mean_of_transport
1,396,Cortesano Gardolo P.Dante Villazzano 3,17.10.00,47,53,"tutto l'anno, esclusi festivi",1,2771674,477,6
2,400,Piazza Dante P.Fiera Povo Oltrecastello,23.05.00,21,10,"tutto l'anno, esclusi festivi",1,2775863,297,6
3,402,Canova Melta Piazza Dante Gocciadoro,13.35.00,20,28,"tutto l'anno, esclusi festivi",1,2774147,912,6
4,404,Centochiavi Piazza Dante Mattarello,2.45.00,14,34,"tutto l'anno, esclusi festivi",1,2774921,177,6
5,406,P.Dante S.Donà Cognola Villamontagna,14.15.00,45,75,"tutto l'anno, esclusi festivi",1,2774714,916,5
6,408,P.Dante Martignano Cognola / Montevaccino,5.35.00,41,36,"tutto l'anno, esclusi festivi",1,2771912,949,2
7,425,Dogana Ftm Via Brennero Gardolo Spini,6.50.00,22,23,"tutto l'anno, esclusi festivi",1,2773343,625,1
8,466,P.Dante Rosmini S.Rocco Povo Polo Soc.,5.15.00,39,10,"tutto l'anno, esclusi festivi",1,2772527,1089,1
9,478,Dogana Ftm Interporto Spini Di Gardolo,0.40.00,22,77,"tutto l'anno, esclusi festivi",1,2773946,752,2
10,484,Centochiavi Martignano Cognola Povo,0.30.00,12,73,"tutto l'anno, esclusi festivi",1,2773409,231,1
11,512,Moietto Rosmini Campana Dei Caduti,5.00.00,27,58,"tutto l'anno, esclusi festivi",1,2774224,702,6
12,531,Funivia Trento Sardagna,10.45.00,23,56,"tutto l'anno, esclusi festivi",1,2774723,56,2
13,533,"Rsa ""S.Bart."" ""Angeli Custodi"" Laste",22.35.00,12,71,"tutto l'anno, esclusi festivi",1,2773322,960,6
14,535,P.Dante P.Fiera Università Mesiano Povo,11.30.00,27,46,"tutto l'anno, esclusi festivi",1,2772374,15,3
15,536,Ospedale P.Dante Sopramonte,8.40.00,35,30,"tutto l'anno, esclusi festivi",1,2772834,776,4
16,538,Piedic. Stazione Osp.S.Chiara Regione Piedic.,15.40.00,13,73,"tutto l'anno, esclusi festivi",1,2774152,563,5
17,539,Gardolo Roncafort Stazione V.Deg. Mad.Bianca,19.10.00,29,92,"tutto l'anno, esclusi festivi",1,2771343,800,1
18,541,Vela P.Dante Villazzano Grotta,9.55.00,13,39,"tutto l'anno, esclusi festivi",1,2775580,840,2
19,562,Brione Cesari Ospedale Podesta' Brione,14.40.00,13,13,"tutto l'anno, esclusi festivi",1,2774158,446,2
20,563,Ossario Osp. S.Giorgio Osp. Ossario,8.25.00,47,52,"tutto l'anno, esclusi festivi",1,2774367,552,3
21,566,Via Magazol S.Giorgio Cornacalda,5.00.00,23,28,"tutto l'anno, esclusi festivi",1,2774547,314,5
22,568,Gardolo Gardolo Di Mezzo E Spini,23.05.00,36,85,"tutto l'anno, esclusi festivi",1,2773267,456,3
23,570,Povo Borino Celva Passo Cimirlo,18.35.00,44,71,"tutto l'anno, esclusi festivi",1,2774690,452,4
24,578,(Volano) Bettini Staz. Lizzana Marco,13.40.00,50,59,"tutto l'anno, esclusi festivi",1,2776153,986,6
25,580,Costa Corso Rosmini S.Giorgio/Ospedale,12.55.00,12,30,"tutto l'anno, esclusi festivi",1,2775293,166,5
26,582,Nomi Villa Lagarina Stazione Mori,22.35.00,49,64,"tutto l'anno, esclusi festivi",1,2776148,318,5
27,590,03 Peders. Brione Stazione Isera (Lenzima),13.05.00,28,100,"tutto l'anno, esclusi festivi",1,2775664,373,3
28,592,Villa Lag. Brione Staz. Isera Lenzima,22.40.00,11,10,"tutto l'anno, esclusi festivi",1,2772883,1016,4
29,594,Ospedale Stazione Isera Villa Lagar.,3.20.00,16,23,"tutto l'anno, esclusi festivi",1,2774898,877,2
30,598,Volano Besenello Calliano Nomi,13.25.00,28,68,"tutto l'anno, esclusi festivi",1,2773167,553,1
31,601,Castellano Molini Villa Lagarina,17.25.00,11,98,"tutto l'anno, esclusi festivi",1,2771926,239,5
32,602,Savignano Pomarolo,1.45.00,25,33,"tutto l'anno, esclusi festivi",1,2774340,525,3
33,607,01 Lavis Pressano Nave S.Felice Sorni,12.15.00,12,38,"tutto l'anno, esclusi festivi",1,2775667,1012,2
34,610,03 Lavis Stazione Fs,7.55.00,38,55,"tutto l'anno, esclusi festivi",1,2776189,162,6
35,612,04 Lavis Zona Industriale Lavis,13.25.00,20,15,"tutto l'anno, esclusi festivi",1,2772071,894,1
36,613,02 Lavis Pressano Masi Sp.131 Sorni,1.20.00,15,93,"tutto l'anno, esclusi festivi",1,2772329,413,5
37,614,P.Dante Ospedale Fersina Clarina P.Dante,4.10.00,44,25,"tutto l'anno, esclusi festivi",1,2775110,463,4
38,615,Martignano Montevaccino,12.05.00,46,64,"tutto l'anno, esclusi festivi",1,2771706,326,3
39,621,Zuffo Via Rosmini Italcementi,17.40.00,47,72,"tutto l'anno, esclusi festivi",1,2775896,578,4
40,623,Stazione Buc M.Baldo Muse Regione,17.15.00,29,47,"tutto l'anno, esclusi festivi",1,2772365,500,3
41,624,P.Dante V.Ghiaie Ravina Romagnano,8.40.00,14,49,"tutto l'anno, esclusi festivi",1,2774867,599,6
42,626,P.Dante Via Sanseverino Belvedere,4.25.00,35,67,"tutto l'anno, esclusi festivi",1,2776149,188,4
43,629,Dogana Ftm V.Bolzano Lavis Lavs Ftm,17.05.00,49,87,"tutto l'anno, esclusi festivi",1,2775518,817,4