id,description,type,voltage,notes,route
3723356,Verona - Brennero,ESISTENTE,41,Stato=ESISTENTE | Fer_id=1 | Nome=Verona - Brennero | Tipologia=Ferrovia | Tipo=,way/19832379
3723357,Verona - Brennero,ESISTENTE,41,Stato=ESISTENTE | Fer_id=1 | Nome=Verona - Brennero | Tipologia=Ferrovia | Tipo=,way/22868840
3723358,Scali - Binari morti,ESISTENTE,41,Stato=ESISTENTE | Fer_id=0 | Nome=Scali - Binari morti | Tipologia=Ferrovia | Tipo=,way/22868849
3723359,Scali - Binari morti,ESISTENTE,41,Stato=ESISTENTE | Fer_id=0 | Nome=Scali - Binari morti | Tipologia=Ferrovia | Tipo=,way/22868982
3723360,Scali - Binari morti,ESISTENTE,41,Stato=ESISTENTE | Fer_id=0 | Nome=Scali - Binari morti | Tipologia=Ferrovia | Tipo=,way/23230060
3723361,Scali - Binari morti,ESISTENTE,41,Stato=ESISTENTE | Fer_id=0 | Nome=Scali - Binari morti | Tipologia=Ferrovia | Tipo=,way/23230061
3723362,Scali - Binari morti,ESISTENTE,41,Stato=ESISTENTE | Fer_id=0 | Nome=Scali - Binari morti | Tipologia=Ferrovia | Tipo=,way/23230062
3723365,Scali - Binari morti,ESISTENTE,41,Stato=ESISTENTE | Fer_id=0 | Nome=Scali - Binari morti | Tipologia=Ferrovia | Tipo=,way/23230065
3723366,Scali - Binari morti,ESISTENTE,41,Stato=ESISTENTE | Fer_id=0 | Nome=Scali - Binari morti | Tipologia=Ferrovia | Tipo=,way/23230066
3723367,Scali - Binari morti,ESISTENTE,41,Stato=ESISTENTE | Fer_id=0 | Nome=Scali - Binari morti | Tipologia=Ferrovia | Tipo=,way/23230068
3723368,Scali - Binari morti,ESISTENTE,41,Stato=ESISTENTE | Fer_id=0 | Nome=Scali - Binari morti | Tipologia=Ferrovia | Tipo=,way/23649328
3723369,Scali - Binari morti,ESISTENTE,41,Stato=ESISTENTE | Fer_id=0 | Nome=Scali - Binari morti | Tipologia=Ferrovia | Tipo=,way/23649355
3723370,Scali - Binari morti,ESISTENTE,41,Stato=ESISTENTE | Fer_id=0 | Nome=Scali - Binari morti | Tipologia=Ferrovia | Tipo=,way/23649438
3723371,Scali - Binari morti,ESISTENTE,41,Stato=ESISTENTE | Fer_id=0 | Nome=Scali - Binari morti | Tipologia=Ferrovia | Tipo=,way/23691644
3723363,Verona - Brennero,ESISTENTE,41,Stato=ESISTENTE | Fer_id=1 | Nome=Verona - Brennero | Tipologia=Ferrovia | Tipo=,way/24161645
3723364,Verona - Brennero,ESISTENTE,41,Stato=ESISTENTE | Fer_id=1 | Nome=Verona - Brennero | Tipologia=Ferrovia | Tipo=,way/24161646
3723372,Scali - Binari morti,ESISTENTE,41,Stato=ESISTENTE | Fer_id=0 | Nome=Scali - Binari morti | Tipologia=Ferrovia | Tipo=,way/24161647
3723373,Scali - Binari morti,ESISTENTE,41,Stato=ESISTENTE | Fer_id=0 | Nome=Scali - Binari morti | Tipologia=Ferrovia | Tipo=,way/24161648
3723374,Scali - Binari morti,ESISTENTE,41,Stato=ESISTENTE | Fer_id=0 | Nome=Scali - Binari morti | Tipologia=Ferrovia | Tipo=,way/24914212
3723375,Scali - Binari morti,ESISTENTE,41,Stato=ESISTENTE | Fer_id=0 | Nome=Scali - Binari morti | Tipologia=Ferrovia | Tipo=,way/25032650
3723376,Scali - Binari morti,ESISTENTE,41,Stato=ESISTENTE | Fer_id=0 | Nome=Scali - Binari morti | Tipologia=Ferrovia | Tipo=,way/25906396
3723377,Scali - Binari morti,ESISTENTE,41,Stato=ESISTENTE | Fer_id=0 | Nome=Scali - Binari morti | Tipologia=Ferrovia | Tipo=,way/25906397
3723378,Scali - Binari morti,ESISTENTE,41,Stato=ESISTENTE | Fer_id=0 | Nome=Scali - Binari morti | Tipologia=Ferrovia | Tipo=,way/25925172
3723379,Scali - Binari morti,ESISTENTE,41,Stato=ESISTENTE | Fer_id=0 | Nome=Scali - Binari morti | Tipologia=Ferrovia | Tipo=,way/25925173
3723380,Scali - Binari morti,ESISTENTE,41,Stato=ESISTENTE | Fer_id=0 | Nome=Scali - Binari morti | Tipologia=Ferrovia | Tipo=,way/26073963
3723381,Scali - Binari morti,ESISTENTE,41,Stato=ESISTENTE | Fer_id=0 | Nome=Scali - Binari morti | Tipologia=Ferrovia | Tipo=,way/26723947
3723382,Scali - Binari morti,ESISTENTE,41,Stato=ESISTENTE | Fer_id=0 | Nome=Scali - Binari morti | Tipologia=Ferrovia | Tipo=,way/26724127
3723383,Trento - Venezia,PROGETTO,41,Stato=PROGETTO | Fer_id=3 | Nome=Trento - Venezia | Tipologia=Ferrovia | Tipo=,way/26724128
3723384,Trento - Venezia,PROGETTO,41,Stato=PROGETTO | Fer_id=3 | Nome=Trento - Venezia | Tipologia=Ferrovia | Tipo=,way/26724129
3723385,Trento - Venezia,PROGETTO,41,Stato=PROGETTO | Fer_id=3 | Nome=Trento - Venezia | Tipologia=Ferrovia | Tipo=,way/26724130
3723386,Scali - Binari morti,ESISTENTE,41,Stato=ESISTENTE | Fer_id=0 | Nome=Scali - Binari morti | Tipologia=Ferrovia | Tipo=,way/26726850
3723387,Scali - Binari morti,ESISTENTE,41,Stato=ESISTENTE | Fer_id=0 | Nome=Scali - Binari morti | Tipologia=Ferrovia | Tipo=,way/26726851
3723388,Scali - Binari morti,ESISTENTE,41,Stato=ESISTENTE | Fer_id=0 | Nome=Scali - Binari morti | Tipologia=Ferrovia | Tipo=,way/26727715
3723389,Trento - Venezia,PROGETTO,41,Stato=PROGETTO | Fer_id=3 | Nome=Trento - Venezia | Tipologia=Ferrovia | Tipo=,way/26727725
3723390,Trento - Venezia,ESISTENTE,41,Stato=ESISTENTE | Fer_id=3 | Nome=Trento - Venezia | Tipologia=Ferrovia | Tipo=,way/26728489
3723391,Trento - Venezia,ESISTENTE,41,Stato=ESISTENTE | Fer_id=3 | Nome=Trento - Venezia | Tipologia=Ferrovia | Tipo=,way/26728490
3723392,Scali - Binari morti,ESISTENTE,41,Stato=ESISTENTE | Fer_id=0 | Nome=Scali - Binari morti | Tipologia=Ferrovia | Tipo=,way/26728510
3723393,Scali - Binari morti,ESISTENTE,41,Stato=ESISTENTE | Fer_id=0 | Nome=Scali - Binari morti | Tipologia=Ferrovia | Tipo=,way/26728511
3723394,Scali - Binari morti,ESISTENTE,41,Stato=ESISTENTE | Fer_id=0 | Nome=Scali - Binari morti | Tipologia=Ferrovia | Tipo=,way/26728654
3723395,Trento - Venezia,ESISTENTE,41,Stato=ESISTENTE | Fer_id=3 | Nome=Trento - Venezia | Tipologia=Ferrovia | Tipo=,way/26772175
3723396,Trento - Venezia,ESISTENTE,41,Stato=ESISTENTE | Fer_id=3 | Nome=Trento - Venezia | Tipologia=Ferrovia | Tipo=,way/26828593
3723397,Trento - Venezia,ESISTENTE,41,Stato=ESISTENTE | Fer_id=3 | Nome=Trento - Venezia | Tipologia=Ferrovia | Tipo=,way/27191506
3723398,Trento - Venezia,ESISTENTE,41,Stato=ESISTENTE | Fer_id=3 | Nome=Trento - Venezia | Tipologia=Ferrovia | Tipo=,way/27191507
3723399,Scali - Binari morti,ESISTENTE,41,Stato=ESISTENTE | Fer_id=0 | Nome=Scali - Binari morti | Tipologia=Ferrovia | Tipo=,way/29848563
3723400,Scali - Binari morti,ESISTENTE,41,Stato=ESISTENTE | Fer_id=0 | Nome=Scali - Binari morti | Tipologia=Ferrovia | Tipo=,way/29848617
3723401,Scali - Binari morti,ESISTENTE,41,Stato=ESISTENTE | Fer_id=0 | Nome=Scali - Binari morti | Tipologia=Ferrovia | Tipo=,way/29848620
3723402,Trento - Venezia,PROGETTO,41,Stato=PROGETTO | Fer_id=3 | Nome=Trento - Venezia | Tipologia=Ferrovia | Tipo=,way/30228519
3723403,Trento - Venezia,ESISTENTE,41,Stato=ESISTENTE | Fer_id=3 | Nome=Trento - Venezia | Tipologia=Ferrovia | Tipo=,way/31017449
3723404,Scali - Binari morti,ESISTENTE,41,Stato=ESISTENTE | Fer_id=0 | Nome=Scali - Binari morti | Tipologia=Ferrovia | Tipo=,way/31115986
3723405,Trento - Venezia,PROGETTO,41,Stato=PROGETTO | Fer_id=3 | Nome=Trento - Venezia | Tipologia=Ferrovia | Tipo=,way/31737836
3723406,Trento - Venezia,PROGETTO,41,Stato=PROGETTO | Fer_id=3 | Nome=Trento - Venezia | Tipologia=Ferrovia | Tipo=,way/31737837
3723407,Scali - Binari morti,ESISTENTE,41,Stato=ESISTENTE | Fer_id=0 | Nome=Scali - Binari morti | Tipologia=Ferrovia | Tipo=,way/32027671
3723408,Scali - Binari morti,ESISTENTE,41,Stato=ESISTENTE | Fer_id=0 | Nome=Scali - Binari morti | Tipologia=Ferrovia | Tipo=,way/32027682
3723409,Scali - Binari morti,ESISTENTE,41,Stato=ESISTENTE | Fer_id=0 | Nome=Scali - Binari morti | Tipologia=Ferrovia | Tipo=,way/32027689
3723410,Scali - Binari morti,ESISTENTE,41,Stato=ESISTENTE | Fer_id=0 | Nome=Scali - Binari morti | Tipologia=Ferrovia | Tipo=,way/32027690
3723411,Trento - MalÞ,ESISTENTE,41,Stato=ESISTENTE | Fer_id=2 | Nome=Trento - MalÞ | Tipologia=Ferrovia | Tipo=,way/32027693
3723412,Trento - MalÞ,ESISTENTE,41,Stato=ESISTENTE | Fer_id=2 | Nome=Trento - MalÞ | Tipologia=Ferrovia | Tipo=,way/32027715
3723413,Scali - Binari morti,ESISTENTE,41,Stato=ESISTENTE | Fer_id=0 | Nome=Scali - Binari morti | Tipologia=Ferrovia | Tipo=,way/32027719
3723414,Trento - MalÞ,ESISTENTE,41,Stato=ESISTENTE | Fer_id=2 | Nome=Trento - MalÞ | Tipologia=Ferrovia | Tipo=,way/32059066
3723415,Trento - MalÞ,ESISTENTE,41,Stato=ESISTENTE | Fer_id=2 | Nome=Trento - MalÞ | Tipologia=Ferrovia | Tipo=,way/32059067
3723416,Trento - MalÞ,ESISTENTE,41,Stato=ESISTENTE | Fer_id=2 | Nome=Trento - MalÞ | Tipologia=Ferrovia | Tipo=,way/32059180
3723417,Scali - Binari morti,ESISTENTE,41,Stato=ESISTENTE | Fer_id=0 | Nome=Scali - Binari morti | Tipologia=Ferrovia | Tipo=,way/38702400
3723418,Scali - Binari morti,ESISTENTE,41,Stato=ESISTENTE | Fer_id=0 | Nome=Scali - Binari morti | Tipologia=Ferrovia | Tipo=,way/38702401
3723419,Scali - Binari morti,ESISTENTE,41,Stato=ESISTENTE | Fer_id=0 | Nome=Scali - Binari morti | Tipologia=Ferrovia | Tipo=,way/39551671
3723420,Scali - Binari morti,ESISTENTE,41,Stato=ESISTENTE | Fer_id=0 | Nome=Scali - Binari morti | Tipologia=Ferrovia | Tipo=,way/41523596
3723421,Scali - Binari morti,ESISTENTE,41,Stato=ESISTENTE | Fer_id=0 | Nome=Scali - Binari morti | Tipologia=Ferrovia | Tipo=,way/41523597
3723422,Trento - MalÞ,ESISTENTE,41,Stato=ESISTENTE | Fer_id=2 | Nome=Trento - MalÞ | Tipologia=Ferrovia | Tipo=,way/41532198
3723423,Scali - Binari morti,ESISTENTE,41,Stato=ESISTENTE | Fer_id=0 | Nome=Scali - Binari morti | Tipologia=Ferrovia | Tipo=,way/41532199
3723424,Scali - Binari morti,ESISTENTE,41,Stato=ESISTENTE | Fer_id=0 | Nome=Scali - Binari morti | Tipologia=Ferrovia | Tipo=,way/41532754
3723425,Scali - Binari morti,ESISTENTE,41,Stato=ESISTENTE | Fer_id=0 | Nome=Scali - Binari morti | Tipologia=Ferrovia | Tipo=,way/41532757
3723426,Scali - Binari morti,ESISTENTE,41,Stato=ESISTENTE | Fer_id=0 | Nome=Scali - Binari morti | Tipologia=Ferrovia | Tipo=,way/41532760
3723427,Scali - Binari morti,ESISTENTE,41,Stato=ESISTENTE | Fer_id=0 | Nome=Scali - Binari morti | Tipologia=Ferrovia | Tipo=,way/41532763
3723444,Scali - Binari morti,ESISTENTE,41,Stato=ESISTENTE | Fer_id=0 | Nome=Scali - Binari morti | Tipologia=Ferrovia | Tipo=,way/41533327
3723428,Scali - Binari morti,ESISTENTE,41,Stato=ESISTENTE | Fer_id=0 | Nome=Scali - Binari morti | Tipologia=Ferrovia | Tipo=,way/41533328
3723429,Scali - Binari morti,ESISTENTE,41,Stato=ESISTENTE | Fer_id=0 | Nome=Scali - Binari morti | Tipologia=Ferrovia | Tipo=,way/41533329
3723430,Scali - Binari morti,ESISTENTE,41,Stato=ESISTENTE | Fer_id=0 | Nome=Scali - Binari morti | Tipologia=Ferrovia | Tipo=,way/41533330
3723431,Scali - Binari morti,ESISTENTE,41,Stato=ESISTENTE | Fer_id=0 | Nome=Scali - Binari morti | Tipologia=Ferrovia | Tipo=,way/41533331
3723432,Scali - Binari morti,ESISTENTE,41,Stato=ESISTENTE | Fer_id=0 | Nome=Scali - Binari morti | Tipologia=Ferrovia | Tipo=,way/19832379
3723433,Scali - Binari morti,ESISTENTE,41,Stato=ESISTENTE | Fer_id=0 | Nome=Scali - Binari morti | Tipologia=Ferrovia | Tipo=,way/22868840
3723434,Trento - MalÞ,ESISTENTE,41,Stato=ESISTENTE | Fer_id=2 | Nome=Trento - MalÞ | Tipologia=Ferrovia | Tipo=,way/22868849
3723435,Scali - Binari morti,ESISTENTE,41,Stato=ESISTENTE | Fer_id=0 | Nome=Scali - Binari morti | Tipologia=Ferrovia | Tipo=,way/22868982
3723436,Trento - MalÞ,POTENZIAME,41,Stato=POTENZIAME | Fer_id=2 | Nome=Trento - MalÞ | Tipologia=Ferrovia | Tipo=,way/23230060
3723437,Scali - Binari morti,ESISTENTE,41,Stato=ESISTENTE | Fer_id=0 | Nome=Scali - Binari morti | Tipologia=Ferrovia | Tipo=,way/23230061
3723438,Scali - Binari morti,ESISTENTE,41,Stato=ESISTENTE | Fer_id=0 | Nome=Scali - Binari morti | Tipologia=Ferrovia | Tipo=,way/23230062
3723439,Scali - Binari morti,ESISTENTE,41,Stato=ESISTENTE | Fer_id=0 | Nome=Scali - Binari morti | Tipologia=Ferrovia | Tipo=,way/23230065
3723440,Scali - Binari morti,ESISTENTE,41,Stato=ESISTENTE | Fer_id=0 | Nome=Scali - Binari morti | Tipologia=Ferrovia | Tipo=,way/23230066
3723441,Scali - Binari morti,ESISTENTE,41,Stato=ESISTENTE | Fer_id=0 | Nome=Scali - Binari morti | Tipologia=Ferrovia | Tipo=,way/23230068
3723442,Scali - Binari morti,ESISTENTE,41,Stato=ESISTENTE | Fer_id=0 | Nome=Scali - Binari morti | Tipologia=Ferrovia | Tipo=,way/23649328
3723443,Scali - Binari morti,ESISTENTE,41,Stato=ESISTENTE | Fer_id=0 | Nome=Scali - Binari morti | Tipologia=Ferrovia | Tipo=,way/23649355
3723445,Scali - Binari morti,ESISTENTE,41,Stato=ESISTENTE | Fer_id=0 | Nome=Scali - Binari morti | Tipologia=Ferrovia | Tipo=,way/23649438
3723446,Scali - Binari morti,ESISTENTE,41,Stato=ESISTENTE | Fer_id=0 | Nome=Scali - Binari morti | Tipologia=Ferrovia | Tipo=,way/23691644
3723447,Scali - Binari morti,ESISTENTE,41,Stato=ESISTENTE | Fer_id=0 | Nome=Scali - Binari morti | Tipologia=Ferrovia | Tipo=,way/24161645
3723448,Scali - Binari morti,ESISTENTE,41,Stato=ESISTENTE | Fer_id=0 | Nome=Scali - Binari morti | Tipologia=Ferrovia | Tipo=,way/24161646
3723449,Scali - Binari morti,ESISTENTE,41,Stato=ESISTENTE | Fer_id=0 | Nome=Scali - Binari morti | Tipologia=Ferrovia | Tipo=,way/24161647
3723450,Scali - Binari morti,ESISTENTE,41,Stato=ESISTENTE | Fer_id=0 | Nome=Scali - Binari morti | Tipologia=Ferrovia | Tipo=,way/24161648
3723451,Scali - Binari morti,ESISTENTE,41,Stato=ESISTENTE | Fer_id=0 | Nome=Scali - Binari morti | Tipologia=Ferrovia | Tipo=,way/24914212
3723452,Scali - Binari morti,ESISTENTE,41,Stato=ESISTENTE | Fer_id=0 | Nome=Scali - Binari morti | Tipologia=Ferrovia | Tipo=,way/25032650
3723453,Trento - MalÞ,ESISTENTE,41,Stato=ESISTENTE | Fer_id=2 | Nome=Trento - MalÞ | Tipologia=Ferrovia | Tipo=,way/25906396
3723454,Trento - MalÞ,ESISTENTE,41,Stato=ESISTENTE | Fer_id=2 | Nome=Trento - MalÞ | Tipologia=Ferrovia | Tipo=,way/25906397
3723455,Trento - MalÞ,ESISTENTE,41,Stato=ESISTENTE | Fer_id=2 | Nome=Trento - MalÞ | Tipologia=Ferrovia | Tipo=,way/25925172
3723456,Trento - MalÞ,ESISTENTE,41,Stato=ESISTENTE | Fer_id=2 | Nome=Trento - MalÞ | Tipologia=Ferrovia | Tipo=,way/25925173
3723457,Trento - MalÞ,PROGETTO,41,Stato=PROGETTO | Fer_id=2 | Nome=Trento - MalÞ | Tipologia=Ferrovia | Tipo=,way/26073963
3723458,Alta CapacitÓ,PROGETTO,41,Stato=PROGETTO | Fer_id=99 | Nome=Alta CapacitÓ | Tipologia=Ferrovia | Tipo=IN SUPERFICIE,way/26723947
3723459,Alta CapacitÓ,PROGETTO,41,Stato=PROGETTO | Fer_id=99 | Nome=Alta CapacitÓ | Tipologia=Ferrovia | Tipo=IN SUPERFICIE,way/26724127
3723473,Scali - Binari morti,ESISTENTE,41,Stato=ESISTENTE | Fer_id=0 | Nome=Scali - Binari morti | Tipologia=Ferrovia | Tipo=,way/26724128
3723493,Alta CapacitÓ,PROGETTO,41,Stato=PROGETTO | Fer_id=99 | Nome=Alta CapacitÓ | Tipologia=Ferrovia | Tipo=GALLERIA,way/26724129
3723460,Trento - MalÞ,ESISTENTE,41,Stato=ESISTENTE | Fer_id=2 | Nome=Trento - MalÞ | Tipologia=Ferrovia | Tipo=,way/26724130
3723461,Trento - MalÞ,ESISTENTE,41,Stato=ESISTENTE | Fer_id=2 | Nome=Trento - MalÞ | Tipologia=Ferrovia | Tipo=,way/26726850
3723462,San Martino - Rolle,PROGETTO,41,Stato=PROGETTO | Fer_id=4 | Nome=San Martino - Rolle | Tipologia=Funicolare | Tipo=,way/26726851
3723463,Alta CapacitÓ,PROGETTO,41,Stato=PROGETTO | Fer_id=99 | Nome=Alta CapacitÓ | Tipologia=Ferrovia | Tipo=GALLERIA,way/26727715
3723464,Trento - MalÞ,ESISTENTE,41,Stato=ESISTENTE | Fer_id=2 | Nome=Trento - MalÞ | Tipologia=Ferrovia | Tipo=,way/26727725
3723465,Trento - MalÞ,ESISTENTE,41,Stato=ESISTENTE | Fer_id=2 | Nome=Trento - MalÞ | Tipologia=Ferrovia | Tipo=,way/26728489
3723466,Trento - MalÞ,ESISTENTE,41,Stato=ESISTENTE | Fer_id=2 | Nome=Trento - MalÞ | Tipologia=Ferrovia | Tipo=,way/26728490
3723467,Trento - MalÞ,ESISTENTE,41,Stato=ESISTENTE | Fer_id=2 | Nome=Trento - MalÞ | Tipologia=Ferrovia | Tipo=,way/26728510
3723468,Trento - MalÞ,ESISTENTE,41,Stato=ESISTENTE | Fer_id=2 | Nome=Trento - MalÞ | Tipologia=Ferrovia | Tipo=,way/26728511
3723469,Trento - MalÞ,ESISTENTE,41,Stato=ESISTENTE | Fer_id=2 | Nome=Trento - MalÞ | Tipologia=Ferrovia | Tipo=,way/26728654
3723470,Trento - MalÞ,ESISTENTE,41,Stato=ESISTENTE | Fer_id=2 | Nome=Trento - MalÞ | Tipologia=Ferrovia | Tipo=,way/26772175
3723471,Scali - Binari morti,ESISTENTE,41,Stato=ESISTENTE | Fer_id=0 | Nome=Scali - Binari morti | Tipologia=Ferrovia | Tipo=,way/26828593
3723472,Scali - Binari morti,ESISTENTE,41,Stato=ESISTENTE | Fer_id=0 | Nome=Scali - Binari morti | Tipologia=Ferrovia | Tipo=,way/27191506
3723494,Alta CapacitÓ,PROGETTO,41,Stato=PROGETTO | Fer_id=99 | Nome=Alta CapacitÓ | Tipologia=Ferrovia | Tipo=GALLERIA,way/27191507
3723474,San Martino - Rolle,PROGETTO,41,Stato=PROGETTO | Fer_id=4 | Nome=San Martino - Rolle | Tipologia=Funicolare | Tipo=,way/29848563
3723475,San Martino - Rolle,PROGETTO,41,Stato=PROGETTO | Fer_id=4 | Nome=San Martino - Rolle | Tipologia=Funicolare | Tipo=,way/29848617
3723476,San Martino - Rolle,PROGETTO,41,Stato=PROGETTO | Fer_id=4 | Nome=San Martino - Rolle | Tipologia=Funicolare | Tipo=,way/29848620
3723477,San Martino - Rolle,PROGETTO,41,Stato=PROGETTO | Fer_id=4 | Nome=San Martino - Rolle | Tipologia=Funicolare | Tipo=,way/30228519
3723478,Alta CapacitÓ,PROGETTO,41,Stato=PROGETTO | Fer_id=99 | Nome=Alta CapacitÓ | Tipologia=Ferrovia | Tipo=GALLERIA,way/31017449
3723479,Alta CapacitÓ,PROGETTO,41,Stato=PROGETTO | Fer_id=99 | Nome=Alta CapacitÓ | Tipologia=Ferrovia | Tipo=GALLERIA,way/31115986
3723480,Alta CapacitÓ,PROGETTO,41,Stato=PROGETTO | Fer_id=99 | Nome=Alta CapacitÓ | Tipologia=Ferrovia | Tipo=GALLERIA,way/31737836
3723481,Alta CapacitÓ,PROGETTO,41,Stato=PROGETTO | Fer_id=99 | Nome=Alta CapacitÓ | Tipologia=Ferrovia | Tipo=GALLERIA,way/31737837
3723482,Alta CapacitÓ,PROGETTO,41,Stato=PROGETTO | Fer_id=99 | Nome=Alta CapacitÓ | Tipologia=Ferrovia | Tipo=GALLERIA,way/32027671
3723483,Alta CapacitÓ,PROGETTO,41,Stato=PROGETTO | Fer_id=99 | Nome=Alta CapacitÓ | Tipologia=Ferrovia | Tipo=GALLERIA,way/32027682
3723484,Alta CapacitÓ,PROGETTO,41,Stato=PROGETTO | Fer_id=99 | Nome=Alta CapacitÓ | Tipologia=Ferrovia | Tipo=GALLERIA,way/32027689
3723485,Alta CapacitÓ,PROGETTO,41,Stato=PROGETTO | Fer_id=99 | Nome=Alta CapacitÓ | Tipologia=Ferrovia | Tipo=GALLERIA,way/32027690
3723486,Alta CapacitÓ,PROGETTO,41,Stato=PROGETTO | Fer_id=99 | Nome=Alta CapacitÓ | Tipologia=Ferrovia | Tipo=GALLERIA,way/32027693
3723487,Alta CapacitÓ,PROGETTO,41,Stato=PROGETTO | Fer_id=99 | Nome=Alta CapacitÓ | Tipologia=Ferrovia | Tipo=IN SUPERFICIE,way/32027715
3723488,Alta CapacitÓ,PROGETTO,41,Stato=PROGETTO | Fer_id=99 | Nome=Alta CapacitÓ | Tipologia=Ferrovia | Tipo=IN SUPERFICIE,way/32027719
3723489,Alta CapacitÓ,PROGETTO,41,Stato=PROGETTO | Fer_id=99 | Nome=Alta CapacitÓ | Tipologia=Ferrovia | Tipo=IN SUPERFICIE,way/32059066
3723490,Alta CapacitÓ,PROGETTO,41,Stato=PROGETTO | Fer_id=99 | Nome=Alta CapacitÓ | Tipologia=Ferrovia | Tipo=IN SUPERFICIE,way/32059067
3723491,Alta CapacitÓ,PROGETTO,41,Stato=PROGETTO | Fer_id=99 | Nome=Alta CapacitÓ | Tipologia=Ferrovia | Tipo=IN SUPERFICIE,way/32059180
3723492,Alta CapacitÓ,PROGETTO,41,Stato=PROGETTO | Fer_id=99 | Nome=Alta CapacitÓ | Tipologia=Ferrovia | Tipo=IN SUPERFICIE,way/38702400
3723495,Trento - MalÞ,ESISTENTE,41,Stato=ESISTENTE | Fer_id=2 | Nome=Trento - MalÞ | Tipologia=Ferrovia | Tipo=,way/38702401
3723496,Trento - MalÞ,ESISTENTE,41,Stato=ESISTENTE | Fer_id=2 | Nome=Trento - MalÞ | Tipologia=Ferrovia | Tipo=,way/39551671
3723497,Trento - MalÞ,ESISTENTE,41,Stato=ESISTENTE | Fer_id=2 | Nome=Trento - MalÞ | Tipologia=Ferrovia | Tipo=,way/41523596
3723498,Trento - MalÞ,ESISTENTE,41,Stato=ESISTENTE | Fer_id=2 | Nome=Trento - MalÞ | Tipologia=Ferrovia | Tipo=,way/41523597
3723499,Alta CapacitÓ,PROGETTO,41,Stato=PROGETTO | Fer_id=99 | Nome=Alta CapacitÓ | Tipologia=Ferrovia | Tipo=GALLERIA,way/41532198
3723500,Alta CapacitÓ,PROGETTO,41,Stato=PROGETTO | Fer_id=99 | Nome=Alta CapacitÓ | Tipologia=Ferrovia | Tipo=GALLERIA,way/41532199
3723501,Moena,PROGETTO,41,Stato=PROGETTO | Fer_id=5 | Nome=Moena | Tipologia=People Mover | Tipo=,way/41532754
3723502,Alta CapacitÓ,PROGETTO,41,Stato=PROGETTO | Fer_id=99 | Nome=Alta CapacitÓ | Tipologia=Ferrovia | Tipo=GALLERIA,way/41532757
3723503,Alta CapacitÓ,PROGETTO,41,Stato=PROGETTO | Fer_id=99 | Nome=Alta CapacitÓ | Tipologia=Ferrovia | Tipo=GALLERIA,way/41532760
3723504,Alta CapacitÓ,PROGETTO,41,Stato=PROGETTO | Fer_id=99 | Nome=Alta CapacitÓ | Tipologia=Ferrovia | Tipo=GALLERIA,way/41532763
3723505,Alta CapacitÓ,PROGETTO,41,Stato=PROGETTO | Fer_id=99 | Nome=Alta CapacitÓ | Tipologia=Ferrovia | Tipo=GALLERIA,way/41533327
3723506,Alta CapacitÓ,PROGETTO,41,Stato=PROGETTO | Fer_id=99 | Nome=Alta CapacitÓ | Tipologia=Ferrovia | Tipo=GALLERIA,way/41533328
3723507,Alta CapacitÓ,PROGETTO,41,Stato=PROGETTO | Fer_id=99 | Nome=Alta CapacitÓ | Tipologia=Ferrovia | Tipo=GALLERIA,way/41533329
3723508,Alta CapacitÓ,PROGETTO,41,Stato=PROGETTO | Fer_id=99 | Nome=Alta CapacitÓ | Tipologia=Ferrovia | Tipo=GALLERIA,way/41533330
3723509,Alta CapacitÓ,PROGETTO,41,Stato=PROGETTO | Fer_id=99 | Nome=Alta CapacitÓ | Tipologia=Ferrovia | Tipo=GALLERIA,way/41533331
3723510,Alta CapacitÓ,PROGETTO,41,Stato=PROGETTO | Fer_id=99 | Nome=Alta CapacitÓ | Tipologia=Ferrovia | Tipo=GALLERIA,way/19832379
3723511,Alta CapacitÓ,PROGETTO,41,Stato=PROGETTO | Fer_id=99 | Nome=Alta CapacitÓ | Tipologia=Ferrovia | Tipo=GALLERIA,way/22868840
3723512,Alta CapacitÓ,PROGETTO,41,Stato=PROGETTO | Fer_id=99 | Nome=Alta CapacitÓ | Tipologia=Ferrovia | Tipo=GALLERIA,way/22868849
3723513,Alta CapacitÓ,PROGETTO,41,Stato=PROGETTO | Fer_id=99 | Nome=Alta CapacitÓ | Tipologia=Ferrovia | Tipo=GALLERIA,way/22868982
3723514,Alta CapacitÓ,PROGETTO,41,Stato=PROGETTO | Fer_id=99 | Nome=Alta CapacitÓ | Tipologia=Ferrovia | Tipo=GALLERIA,way/23230060
3723515,Alta CapacitÓ,PROGETTO,41,Stato=PROGETTO | Fer_id=99 | Nome=Alta CapacitÓ | Tipologia=Ferrovia | Tipo=GALLERIA,way/23230061
3723516,Alta CapacitÓ,PROGETTO,41,Stato=PROGETTO | Fer_id=99 | Nome=Alta CapacitÓ | Tipologia=Ferrovia | Tipo=GALLERIA,way/23230062
3723517,Alta CapacitÓ,PROGETTO,41,Stato=PROGETTO | Fer_id=99 | Nome=Alta CapacitÓ | Tipologia=Ferrovia | Tipo=GALLERIA,way/23230065
3723518,Alta CapacitÓ,PROGETTO,41,Stato=PROGETTO | Fer_id=99 | Nome=Alta CapacitÓ | Tipologia=Ferrovia | Tipo=GALLERIA,way/23230066
3723519,Alta CapacitÓ,PROGETTO,41,Stato=PROGETTO | Fer_id=99 | Nome=Alta CapacitÓ | Tipologia=Ferrovia | Tipo=GALLERIA,way/23230068
3723520,Alta CapacitÓ,PROGETTO,41,Stato=PROGETTO | Fer_id=99 | Nome=Alta CapacitÓ | Tipologia=Ferrovia | Tipo=GALLERIA,way/23649328
3723521,Alta CapacitÓ,PROGETTO,41,Stato=PROGETTO | Fer_id=99 | Nome=Alta CapacitÓ | Tipologia=Ferrovia | Tipo=IN SUPERFICIE,way/23649355
3723522,Alta CapacitÓ,PROGETTO,41,Stato=PROGETTO | Fer_id=99 | Nome=Alta CapacitÓ | Tipologia=Ferrovia | Tipo=IN SUPERFICIE,way/23649438
3723523,Alta CapacitÓ,PROGETTO,41,Stato=PROGETTO | Fer_id=99 | Nome=Alta CapacitÓ | Tipologia=Ferrovia | Tipo=GALLERIA,way/23691644
3723524,Alta CapacitÓ,PROGETTO,41,Stato=PROGETTO | Fer_id=99 | Nome=Alta CapacitÓ | Tipologia=Ferrovia | Tipo=GALLERIA,way/24161645
3723525,Alta CapacitÓ,PROGETTO,41,Stato=PROGETTO | Fer_id=99 | Nome=Alta CapacitÓ | Tipologia=Ferrovia | Tipo=GALLERIA,way/24161646
3723526,Alta CapacitÓ,PROGETTO,41,Stato=PROGETTO | Fer_id=99 | Nome=Alta CapacitÓ | Tipologia=Ferrovia | Tipo=GALLERIA,way/24161647
3723527,Alta CapacitÓ,PROGETTO,41,Stato=PROGETTO | Fer_id=99 | Nome=Alta CapacitÓ | Tipologia=Ferrovia | Tipo=GALLERIA,way/24161648
3723528,Verona - Brennero,ESISTENTE,41,Stato=ESISTENTE | Fer_id=1 | Nome=Verona - Brennero | Tipologia=Ferrovia | Tipo=,way/24914212
3723529,Verona - Brennero,ESISTENTE,41,Stato=ESISTENTE | Fer_id=1 | Nome=Verona - Brennero | Tipologia=Ferrovia | Tipo=,way/25032650
3723530,Verona - Brennero,ESISTENTE,41,Stato=ESISTENTE | Fer_id=1 | Nome=Verona - Brennero | Tipologia=Ferrovia | Tipo=,way/25906396
3723531,Alta CapacitÓ,PROGETTO,41,Stato=PROGETTO | Fer_id=99 | Nome=Alta CapacitÓ | Tipologia=Ferrovia | Tipo=GALLERIA,way/25906397
3723532,Alta CapacitÓ,PROGETTO,41,Stato=PROGETTO | Fer_id=99 | Nome=Alta CapacitÓ | Tipologia=Ferrovia | Tipo=GALLERIA,way/25925172