id,route_number,time,length,stops,wheelchair_boarding,stops_time,calendar,path,stop,mean_of_transport
1,1,40,71,Cavalese-Predazzo-Moena-Canazei-Penia,1,18.20.00,"tutto l'anno, escluso festivi",2771028,907,2
2,3,19,80,Trento -  Cembra - Capriana - Cavalese,1,3.55.00,"tutto l'anno, escluso festivi",2772760,1653,1
3,7,19,80,Casatta di Valfloriana - Palu' - Sicina,1,13.00.00,"tutto l'anno, escluso festivi",2772593,2530,3
4,55,45,30,Trento-S.Michele a/A-Salorno-Egna-Ora-Cavalese,1,20.00.00,"tutto l'anno, escluso festivi",2774362,619,4
5,60,20,49,Verla - Valternigo - Palu' di Giovo,1,17.10.00,"tutto l'anno, escluso festivi",2771574,1384,6
6,63,43,46,Montesover - Sover,1,12.20.00,"tutto l'anno, escluso festivi",2775778,1999,2
7,65,48,57,Cavalese - Masi di Cavalese,1,11.20.00,"tutto l'anno, escluso festivi",2774969,189,4
8,67,16,99,Cavalese - Carano - Villaggio Veronza,1,19.15.00,"tutto l'anno, escluso festivi",2771526,1629,6
9,69,14,23,Trento - Nogarè - Baselga di Pinè -Montesover,1,3.55.00,"tutto l'anno, escluso festivi",2771484,2098,4
10,71,41,56,Trento-Vezzano-Sarche-Tione,1,4.35.00,"tutto l'anno, escluso festivi",2771927,2097,2
11,73,27,36,Tione-Bolbeno-Ragoli-Montagne,1,15.40.00,"tutto l'anno, escluso festivi",2775423,2270,5
12,76,21,37,Trento-Sardagna-Candriai-Vaneze-Vason-Viote,1,15.15.00,"tutto l'anno, escluso festivi",2776382,123,4
13,78,15,80,Vezzano-Ciago-Ranzo-Margone,1,10.20.00,"tutto l'anno, escluso festivi",2773747,2699,4
14,80,14,90,Trento-Cadine-Sopramonte-Terlago-MTerlago,1,18.30.00,"tutto l'anno, escluso festivi",2772958,2271,5
15,84,43,77,Centrale - Regnana,1,18.10.00,"tutto l'anno, escluso festivi",2771103,1686,1
16,86,17,29,Borgo Valsugana - Olle,1,17.30.00,"tutto l'anno, escluso festivi",2774534,128,6
17,90,26,15,Levico Terme - Barco - S.Giuliana - Lochere,1,9.45.00,"tutto l'anno, escluso festivi",2775730,437,6
18,92,44,70,Baselga di Pinè - S.Mauro,1,0.45.00,"tutto l'anno, escluso festivi",2775644,110,1
19,94,21,97,Brusago-Valcava,1,13.45.00,"tutto l'anno, escluso festivi",2771777,160,6
20,96,13,33,Bedollo-Svaldi,1,3.15.00,"tutto l'anno, escluso festivi",2773345,36,5
21,98,39,60,Borgo Valsugana - Tezze - Primolano,1,3.10.00,"tutto l'anno, escluso festivi",2775937,2475,1
22,102,12,22,S.Martino di Castrozza-Fiera di Primiero-Feltre,1,18.15.00,"tutto l'anno, escluso festivi",2771135,1760,6
23,106,48,22,Canal S.Bovo - Ronco Fosse - Ronco Chiesa,1,4.25.00,"tutto l'anno, escluso festivi",2771022,2253,1
24,108,45,69,Trento-Borgo Valsugana-Arten-Feltre,1,15.55.00,"tutto l'anno, escluso festivi",2773107,1845,1
25,110,11,57,Trento-Besenello-Calliano-Rovereto,1,23.45.00,"tutto l'anno, escluso festivi",2774600,2589,4
26,116,23,51,Fiera di Primiero-Imer-Canal S.Bovo-Caoria,1,16.45.00,"tutto l'anno, escluso festivi",2775369,2715,3
27,117,13,75,Cavalese - Daiano - Varena,1,2.35.00,"tutto l'anno, escluso festivi",2773678,887,5
28,120,22,92,Trento - Civezzano - Sover - Cavalese,1,17.15.00,"tutto l'anno, escluso festivi",2773318,982,2
29,123,33,64,Trento-Borgo V.-Arten-Fiera di P.-S. Martino C.,1,23.40.00,"tutto l'anno, escluso festivi",2774608,2801,4
30,130,36,86,Predazzo-P.sso Rolle-Fiera di P.,1,1.25.00,"tutto l'anno, escluso festivi",2775123,274,4
31,132,44,39,Borgo Valsugana -Roncegno Terme -Ronchi,1,9.55.00,"tutto l'anno, escluso festivi",2774014,2684,1
32,134,50,93,Trento-Vezzano-Sarche-Dro-Arco-Riva,1,12.00.00,"tutto l'anno, escluso festivi",2774368,1901,3
33,136,40,49,Cavalese - Daiano - Carano - Tesero - Cavalese,1,21.30.00,"tutto l'anno, escluso festivi",2772996,224,5
34,138,38,92,Baselga di Pinè - Faida,1,22.30.00,"tutto l'anno, escluso festivi",2772527,1730,2
35,151,40,59,Trento - Civezzano - S.Agnese - Bosco,1,5.30.00,"tutto l'anno, escluso festivi",2771181,421,5
36,153,19,63,Riva del Garda-Tenno-Fiave'-Ponte Arche,1,12.30.00,"tutto l'anno, escluso festivi",2773115,320,1
37,155,35,10,Ponte Arche-S.Croce-Cavrasto-Bivedo,1,16.25.00,"tutto l'anno, escluso festivi",2773178,1814,1
38,157,21,61,Tione-Pieve di Bono-Storo-Baitoni-Ponte Caffaro,1,3.50.00,"tutto l'anno, escluso festivi",2776201,2825,4
39,159,26,76,Ponte Arche-Lundo,1,19.10.00,"tutto l'anno, escluso festivi",2776009,162,6
40,161,27,32,Ponte Arche-S.Lorenzo in B.-Molveno,1,15.00.00,"tutto l'anno, escluso festivi",2773742,1854,3
41,164,15,80,Pieve di Bono-Castel Condino-Por,1,12.10.00,"tutto l'anno, escluso festivi",2771408,1897,4
42,167,50,72,Pieve di Bono-Praso-Daone,1,8.35.00,"tutto l'anno, escluso festivi",2774462,1458,3
43,169,28,90,Borgo Valsugana -Carzano -Strigno -Samone,1,8.20.00,"tutto l'anno, escluso festivi",2776126,1765,6
44,171,32,48,Riva-Pregasina-Bezzecca-Storo-Pieve di Bono,1,12.45.00,"tutto l'anno, escluso festivi",2772506,1816,5
45,175,45,75,Trento-Vezzano Apt-Vigo Cavedine-Riva del Garda,1,1.25.00,"tutto l'anno, escluso festivi",2774695,630,1
46,177,46,51,Pergine-Kamauz-Frassilongo-S.Felice F.-Hacleri,1,9.40.00,"tutto l'anno, escluso festivi",2771124,1250,1
47,179,38,89,Pergine -Canezza -Viarago -S.Orsola -Palù,1,14.55.00,"tutto l'anno, escluso festivi",2773681,1097,2
48,181,46,11,Trento -Ravina -Mattarello -Aldeno -Garniga Terme,1,23.30.00,"tutto l'anno, escluso festivi",2775208,2237,3
49,184,27,16,Borgo Valsugana - Telve - Torcegno,1,18.45.00,"tutto l'anno, escluso festivi",2775712,313,3
50,186,49,19,Trento-V.Vattaro-Centa-Carbonare-Lavarone-Luserna,1,15.20.00,"tutto l'anno, escluso festivi",2775358,776,2
51,188,45,66,Pergine Vals.-Ischia-Tenna-Levico Terme,1,11.40.00,"tutto l'anno, escluso festivi",2773407,364,2
52,194,18,94,Rovereto-Villa-Nomi-Aldeno,1,6.35.00,"tutto l'anno, escluso festivi",2774901,2371,1
53,196,32,82,Rovereto-Calliano-Folgaria-Lavarone,1,2.55.00,"tutto l'anno, escluso festivi",2772352,482,3
54,198,29,86,Rovereto-Terragnolo-Serrada-Folgaria,1,21.15.00,"tutto l'anno, escluso festivi",2775615,2321,2
55,200,25,57,Rovereto-Mori-Chizzola-Cornè-Ala-Avio,1,11.50.00,"tutto l'anno, escluso festivi",2772079,168,2
56,203,46,44,Rovereto-Riva-Obra di Vallarsa-Ometto,1,14.50.00,"tutto l'anno, escluso festivi",2773282,967,6
57,215,35,90,Rovereto-Pozzacchio-Raossi-P.Vallarsa-P.Fugazze,1,3.20.00,"tutto l'anno, escluso festivi",2776079,1284,6
58,220,41,62,Rovereto-Mori-S.Felice-Ronzo Chienis,1,13.45.00,"tutto l'anno, escluso festivi",2772533,111,6
59,227,11,83,Caoria-Canal S.Bovo-Feltre,1,6.25.00,"tutto l'anno, escluso festivi",2773473,487,3
60,229,49,12,Trento-Ciago-Monte Terlago-Ranzo-Margone,1,2.45.00,"tutto l'anno, escluso festivi",2772587,2854,5
61,231,38,10,Rovereto-Mori-Brentonico-Saccone,1,20.40.00,"tutto l'anno, escluso festivi",2773917,696,4
62,233,48,30,Besagno-Crosano-Cornè-Saccone,1,11.00.00,"tutto l'anno, escluso festivi",2772685,2750,5
63,235,44,58,Valle S.Felice-Manzano-Nomesino,1,7.35.00,"tutto l'anno, escluso festivi",2771424,125,2
64,300,32,16,Pergine - Civezzano,1,10.45.00,"tutto l'anno, escluso festivi",2773781,613,2
65,309,12,68,Pergine Vals.-Masetti-Assizzi-Vignola-Falesina,1,23.00.00,"tutto l'anno, escluso festivi",2772254,709,1
66,311,31,47,Siror - Fiera di Primiero - Imer - Masi Imer,1,23.15.00,"tutto l'anno, escluso festivi",2772647,1413,3
67,316,31,89,Moena-Passo  S.Pellegrino-Falcade,1,11.35.00,"tutto l'anno, escluso festivi",2772220,1392,3
68,322,20,21,Vigo Cavedine - Masi di Vigo Cavedine,1,0.55.00,"tutto l'anno, escluso festivi",2775369,2001,2
69,324,38,52,Malè - Rabbi Bagni - Somrabbi,1,11.05.00,"tutto l'anno, escluso festivi",2773246,227,1
70,326,29,93,Malè - Folgarida - Madonna di Campiglio,1,0.35.00,"tutto l'anno, escluso festivi",2775148,1316,3
71,328,10,51,Pellizzano - Menas,1,4.35.00,"tutto l'anno, escluso festivi",2774854,1485,5
72,330,10,53,Malè - Bolentina,1,15.40.00,"tutto l'anno, escluso festivi",2775162,2482,3
73,332,50,34,Malè-Mezzana-Fucine-Vermiglio-Passo Tonale,1,21.25.00,"tutto l'anno, escluso festivi",2772563,82,6
74,334,34,88,Malè - Mezzana - Marilleva 1400,1,17.10.00,"tutto l'anno, escluso festivi",2776103,1444,3
75,336,30,85,Malè-Mezzana-Fucine-Cogolo-Peio,1,7.00.00,"tutto l'anno, escluso festivi",2771476,1670,2
76,340,26,11,Mezzolombardo - Roverè della Luna,1,21.45.00,"tutto l'anno, escluso festivi",2775358,1825,4
77,343,45,63,Mezzocorona Ferrovia - S.Michele - Faedo Pineta,1,22.35.00,"tutto l'anno, escluso festivi",2772454,507,6
78,345,20,84,Trento-Mezzocorona-Fai d/Paganella-Andalo-Molveno,1,22.50.00,"tutto l'anno, escluso festivi",2772534,1511,4
79,352,50,55,FERROVIA TRENTO - MALE' - MEZZANA,1,2.10.00,"tutto l'anno, escluso festivi",2773869,859,5
80,354,37,46,Cles - Mechel,1,16.50.00,"tutto l'anno, escluso festivi",2774012,552,4
81,357,32,20,Cles - Livo - Bresimo - Lanza di Rumo,1,6.20.00,"tutto l'anno, escluso festivi",2776364,2733,2
82,364,23,75,Cles - Revò - Castelfondo - Fondo,1,10.35.00,"tutto l'anno, escluso festivi",2772503,2346,6
83,366,42,79,Mezzolombardo-Campodenno-Denno-Cles,1,15.00.00,"tutto l'anno, escluso festivi",2771570,2143,5
84,368,18,76,Cles - Dermulo - Coredo - Smarano - Sfruz,1,11.45.00,"tutto l'anno, escluso festivi",2774277,2107,4
85,371,29,54,Fondo - Tret,1,12.15.00,"tutto l'anno, escluso festivi",2776032,2303,6
86,375,14,43,Cles -Dermulo -Dambel -Don -Fondo -P.Mendola,1,15.10.00,"tutto l'anno, escluso festivi",2771476,1817,4
87,378,35,29,Cles - Mostizzolo - Cis,1,14.10.00,"tutto l'anno, escluso festivi",2772142,129,4
88,395,33,30,Mezzolombardo - Vigo di Ton -  Toss,1,11.40.00,"tutto l'anno, escluso festivi",2773183,473,6
89,397,25,58,Cles - Pavillo - Tuenno - Nanno - Portolo,1,17.30.00,"tutto l'anno, escluso festivi",2772629,2494,5
90,401,47,86,Mollaro - Priò - Vervò - Tres,1,9.40.00,"tutto l'anno, escluso festivi",2775946,1128,5
91,417,48,65,Linea 3 integrata:Nago-Torbole-Riva-Arco-Bolognano,1,17.05.00,"tutto l'anno, escluso festivi",2773056,2697,2
92,420,13,54,Linea 1: Riva -Varone -Arco -S.Giorgio-Brione-Riva,1,18.40.00,"tutto l'anno, escluso festivi",2774142,2393,5
93,423,39,56,Linea 2: Riva-Brione-S.Giorgio-Arco-Varone-Riva,1,10.50.00,"tutto l'anno, escluso festivi",2771349,1478,2
94,494,31,73,Trento - Pergine - Baselga di Pinè - Montesover,1,9.15.00,"tutto l'anno, escluso festivi",2772705,72,5
95,503,27,20,Rovereto-Ala-Masi d'Avio-Avio-Rovereto,1,18.45.00,"tutto l'anno, escluso festivi",2774754,724,3
96,507,42,48,Rovereto-Ala-Sabbionara-Avio-Masi-Rovereto,1,23.05.00,"tutto l'anno, escluso festivi",2772423,742,6
97,520,46,88,Trento-Pergine V.-Levico T.-Borgo V.,1,22.05.00,"tutto l'anno, escluso festivi",2772493,139,6
98,522,15,55,Borgo V.- Strigno - Castello Tesino,1,1.05.00,"tutto l'anno, escluso festivi",2773699,673,6
99,526,21,97,Pergine-Calceranica-Bosentino-V.Vattaro,1,19.10.00,"tutto l'anno, escluso festivi",2771988,646,5
100,549,38,54,Linea 1 Pergine Valsugana - Madrano - Nogarè,1,0.50.00,"tutto l'anno, escluso festivi",2773950,1965,5
101,551,19,75,Linea 2 Pergine-Zivignago-Canezza-Viarago-Serso,1,0.05.00,"tutto l'anno, escluso festivi",2776171,730,5
102,552,36,39,Linea 6 Pergine Valsugana-Costasavina-Roncogno,1,8.15.00,"tutto l'anno, escluso festivi",2772178,1870,5
103,554,11,13,Linea 4 Pergine Valsugana - Ischia,1,19.20.00,"tutto l'anno, escluso festivi",2773813,967,2
104,556,28,53,Linea 3 Pergine Valsugana-Masetti-Assizzi-Zava,1,22.05.00,"tutto l'anno, escluso festivi",2771321,2821,5
105,562,31,70,Linea 5 Pergine V-Susà-S.Vito-Canale-S.Caterina,1,13.35.00,"tutto l'anno, escluso festivi",2776104,542,6
106,567,26,46,Trento-Pergine-Caldonazzo-Monterovere-Luserna,1,17.05.00,"tutto l'anno, escluso festivi",2776356,2451,1
107,580,10,55,Ala-Ronchi di Ala-Ponzolotti,1,9.00.00,"tutto l'anno, escluso festivi",2772339,1769,6
108,604,41,26,Cavalese Autostazione - Ospedale,1,6.00.00,"tutto l'anno, escluso festivi",2773160,435,3
109,618,39,49,Caoria-Imer-Fiera di Primiero-Voltago-Agordo,1,0.25.00,"tutto l'anno, escluso festivi",2775901,648,2
110,634,15,18,Rovereto-Mori-Riva-Arco-Bolognano,1,15.10.00,"tutto l'anno, escluso festivi",2772616,732,5
111,636,50,99,Tione-Pinzolo-Madonna di C.-C.C.Magno,1,19.10.00,"tutto l'anno, escluso festivi",2773632,857,6
112,638,33,85,AAM: Ora-S.Lugano-Castello di Fiemme-Cavalese,1,2.40.00,"tutto l'anno, escluso festivi",2772508,188,4
113,640,50,68,Linea 8: Pergine I.-Ospedale Villa Rosa-Zivignago,1,20.45.00,"tutto l'anno, escluso festivi",2775343,1537,2
114,647,29,72,Siror - Fiera  P. - Imer - Canal S.B.,1,4.45.00,"tutto l'anno, escluso festivi",2775504,2065,6
115,665,48,33,Riva del Garda-Deva-Pranzo-Campi,1,9.10.00,"tutto l'anno, escluso festivi",2775639,1465,6
116,672,41,25,Riva del Garda-Deva-Pranzo-Campi,1,11.45.00,"tutto l'anno, escluso festivi",2773299,2345,3
117,687,27,20,SU Vallelaghi: Terlago-M.Terlago-Ciago-Lon-Vezzano,1,14.00.00,"tutto l'anno, escluso festivi",2774277,48,4
118,695,40,23,Servizi Trenitalia - Andata Tn-Bassano,1,11.00.00,"tutto l'anno, escluso festivi",2771457,1631,1
119,703,40,78,Trento-Lavis-Zambana-Nave S.Rocco-Mezzolombardo,1,13.45.00,"tutto l'anno, escluso festivi",2775705,2143,5
120,713,27,35,Trento-Dermulo-Cles-Malè,1,14.45.00,"tutto l'anno, escluso festivi",2774432,213,2
121,717,49,42,Servizio sostitutivo treno-Andata,1,3.40.00,"tutto l'anno, escluso festivi",2771061,508,3