"objectid,N,11,0","classid,C,254","nome,C,100","gestore,C,50","tipo,C,254","brennero,L","valsugana,L","tn_male,L","dataagg,C,20","datafine,C,20"
311,VIA005_1,Trento Santa Chiara,RFI,fermata,FALSE,TRUE,FALSE,2022-02-03 00:00:00,
312,VIA005_2,Taio,TRENTINO TRASPORTI,stazione,FALSE,FALSE,TRUE,2022-02-03 00:00:00,
313,VIA005_3,Mollaro,TRENTINO TRASPORTI,stazione,FALSE,FALSE,TRUE,2022-02-03 00:00:00,
314,VIA005_4,Grumo - S. Michele,TRENTINO TRASPORTI,stazione,FALSE,FALSE,TRUE,2022-02-03 00:00:00,
315,VIA005_5,Nave S. Felice,TRENTINO TRASPORTI,stazione,FALSE,FALSE,TRUE,2022-02-03 00:00:00,
316,VIA005_6,Zambana,TRENTINO TRASPORTI,stazione,FALSE,FALSE,TRUE,2022-02-03 00:00:00,
317,VIA005_7,Gardolo,TRENTINO TRASPORTI,stazione,FALSE,FALSE,TRUE,2022-02-03 00:00:00,
318,VIA005_8,Caldonazzo,RFI,stazione,FALSE,TRUE,FALSE,2022-02-03 00:00:00,
319,VIA005_9,Calceranica,RFI,stazione,FALSE,TRUE,FALSE,2022-02-03 00:00:00,
320,VIA005_10,MalÞ,TRENTINO TRASPORTI,stazione,FALSE,FALSE,TRUE,2022-02-03 00:00:00,
321,VIA005_11,Strigno,RFI,stazione,FALSE,TRUE,FALSE,2022-02-03 00:00:00,
322,VIA005_12,Tezze di Grigno,RFI,fermata,FALSE,TRUE,FALSE,2022-02-03 00:00:00,
323,VIA005_13,Dermulo,TRENTINO TRASPORTI,stazione,FALSE,FALSE,TRUE,2022-02-03 00:00:00,
324,VIA005_14,Villazzano,RFI,stazione,FALSE,TRUE,FALSE,2022-02-03 00:00:00,
325,VIA005_15,Levico Terme,RFI,stazione,FALSE,TRUE,FALSE,2022-02-03 00:00:00,
326,VIA005_16,Grigno,RFI,stazione,FALSE,TRUE,FALSE,2022-02-03 00:00:00,
327,VIA005_17,Mezzocorona Borgata,TRENTINO TRASPORTI,stazione,FALSE,FALSE,TRUE,2022-02-03 00:00:00,
328,VIA005_18,Borgo Valsugana Est,RFI,stazione,FALSE,TRUE,FALSE,2022-02-03 00:00:00,
329,VIA005_19,Borgo Valsugana Centro,RFI,stazione,FALSE,TRUE,FALSE,2022-02-03 00:00:00,
330,VIA005_20,Avio,RFI,stazione,TRUE,FALSE,FALSE,2022-02-03 00:00:00,
331,VIA005_21,Borghetto sull'Adige,RFI,stazione,TRUE,FALSE,FALSE,2022-02-03 00:00:00,
332,VIA005_22,Mezzocorona,RFI,stazione,TRUE,FALSE,FALSE,2022-02-03 00:00:00,
333,VIA005_23,Mori,RFI,stazione,TRUE,FALSE,FALSE,2022-02-03 00:00:00,
334,VIA005_24,Rovereto,RFI,stazione,TRUE,FALSE,FALSE,2022-02-03 00:00:00,
335,VIA005_25,Serravalle all'Adige,RFI,stazione,TRUE,FALSE,FALSE,2022-02-03 00:00:00,
336,VIA005_26,Trento FS,RFI,stazione,TRUE,TRUE,FALSE,2022-02-03 00:00:00,
337,VIA005_27,Ala,RFI,stazione,TRUE,FALSE,FALSE,2022-02-03 00:00:00,
338,VIA005_28,Mezzolombardo,TRENTINO TRASPORTI,stazione,FALSE,FALSE,TRUE,2022-02-03 00:00:00,
339,VIA005_29,Roncegno Bagni-Marter,RFI,stazione,FALSE,TRUE,FALSE,2022-02-03 00:00:00,
340,VIA005_30,Lavis FS,RFI,stazione,TRUE,FALSE,FALSE,2022-02-03 00:00:00,
341,VIA005_31,Povo-Mesiano,RFI,fermata,FALSE,TRUE,FALSE,2022-02-03 00:00:00,
342,VIA005_32,Mezzocorona Ferrovia,TRENTINO TRASPORTI,stazione,FALSE,FALSE,TRUE,2022-02-03 00:00:00,
343,VIA005_33,Trento San Bartolameo,RFI,fermata,FALSE,TRUE,FALSE,2022-02-03 00:00:00,
344,VIA005_34,San Cristoforo al Lago - Ischia,RFI,stazione,FALSE,TRUE,FALSE,2022-02-03 00:00:00,
345,VIA005_35,Pergine Valsugana,RFI,stazione,FALSE,TRUE,FALSE,2022-02-03 00:00:00,
346,VIA005_36,Zona Industriale Spini,TRENTINO TRASPORTI,fermata,FALSE,FALSE,TRUE,2022-02-03 00:00:00,
347,VIA005_37,Lamar,TRENTINO TRASPORTI,fermata,FALSE,FALSE,TRUE,2022-02-03 00:00:00,
348,VIA005_38,Trento Nord - Zona Commerciale,TRENTINO TRASPORTI,fermata,FALSE,FALSE,TRUE,2022-02-03 00:00:00,
349,VIA005_39,Trento FTM via Dogana,TRENTINO TRASPORTI,stazione,FALSE,FALSE,TRUE,2022-02-03 00:00:00,
350,VIA005_40,Lavis FTM,TRENTINO TRASPORTI,stazione,FALSE,FALSE,TRUE,2022-02-03 00:00:00,
351,VIA005_41,Masi di Vigo,TRENTINO TRASPORTI,fermata,FALSE,FALSE,TRUE,2022-02-03 00:00:00,
352,VIA005_42,Crescino,TRENTINO TRASPORTI,fermata,FALSE,FALSE,TRUE,2022-02-03 00:00:00,
353,VIA005_43,Denno,TRENTINO TRASPORTI,fermata,FALSE,FALSE,TRUE,2022-02-03 00:00:00,
354,VIA005_44,Segno,TRENTINO TRASPORTI,fermata,FALSE,FALSE,TRUE,2022-02-03 00:00:00,
355,VIA005_45,Tassullo,TRENTINO TRASPORTI,fermata,FALSE,FALSE,TRUE,2022-02-03 00:00:00,
356,VIA005_46,Cles,TRENTINO TRASPORTI,stazione,FALSE,FALSE,TRUE,2022-02-03 00:00:00,
357,VIA005_47,Cles Polo scolastico,TRENTINO TRASPORTI,fermata,FALSE,FALSE,TRUE,2022-02-03 00:00:00,
358,VIA005_48,Mostizzolo,TRENTINO TRASPORTI,fermata,FALSE,FALSE,TRUE,2022-02-03 00:00:00,
359,VIA005_49,Bozzana,TRENTINO TRASPORTI,fermata,FALSE,FALSE,TRUE,2022-02-03 00:00:00,
360,VIA005_50,Tozzaga,TRENTINO TRASPORTI,fermata,FALSE,FALSE,TRUE,2022-02-03 00:00:00,
361,VIA005_51,Cassana,TRENTINO TRASPORTI,fermata,FALSE,FALSE,TRUE,2022-02-03 00:00:00,
362,VIA005_52,Cavizzana,TRENTINO TRASPORTI,fermata,FALSE,FALSE,TRUE,2022-02-03 00:00:00,
363,VIA005_53,Caldes,TRENTINO TRASPORTI,fermata,FALSE,FALSE,TRUE,2022-02-03 00:00:00,
364,VIA005_54,Terzolas,TRENTINO TRASPORTI,fermata,FALSE,FALSE,TRUE,2022-02-03 00:00:00,
365,VIA005_55,Croviana,TRENTINO TRASPORTI,fermata,FALSE,FALSE,TRUE,2022-02-03 00:00:00,
366,VIA005_56,Monclassico,TRENTINO TRASPORTI,fermata,FALSE,FALSE,TRUE,2022-02-03 00:00:00,
367,VIA005_57,Dimaro - Presson,TRENTINO TRASPORTI,fermata,FALSE,FALSE,TRUE,2022-02-03 00:00:00,
368,VIA005_58,Mastellina,TRENTINO TRASPORTI,fermata,FALSE,FALSE,TRUE,2022-02-03 00:00:00,
369,VIA005_59,Daolasa,TRENTINO TRASPORTI,fermata,FALSE,FALSE,TRUE,2022-02-03 00:00:00,
370,VIA005_60,Piano di Commezzadura,TRENTINO TRASPORTI,fermata,FALSE,FALSE,TRUE,2022-02-03 00:00:00,
371,VIA005_61,Marilleva 900,TRENTINO TRASPORTI,fermata,FALSE,FALSE,TRUE,2022-02-03 00:00:00,
372,VIA005_62,Mezzana,TRENTINO TRASPORTI,stazione,FALSE,FALSE,TRUE,2022-02-03 00:00:00,
