associazione
Stagione sportiva 2024/2025
"ASSOCIAZIONE SPORTIVA INDIRIZZOCAPCITTÀTELEFONOPEC/MAILSITO WEBC.FISCALE/P.IVADISCIPLINA PRATICATACATEGORIE MASCHILEFEMMINILE SCONTO PER L’ISCRIZIONE DEL 2°, 3°, 4° FIGLIO"
"ASD TENNIS LEVICO TERME LOCALITA' BELVEDERE38056LEVICO TERME3476216221direzione@tennislevico.itwww.tennislevico.it TENNISSAT A 1 ORA IN SETTIMANA7-18XX€ 480,00"
"ASD PROGETTO DANZA PADOVA LOCALITA’ SILLE, 5138045CIVEZZANO3802552340progettodanza03@hotmail.itwww.asdprogettodanza.com90148930275 2 VOLTE A SETTIMANA4 – 18XX€ 576,00KARATE1 VOLTA A SETTIMANA € 336,002 VOLTE A SETTIMANA4 – 18XX€ 576,00"
"ASD CIVEZZANO BASKET VIA TELVANA, 25/A38045CIVEZZANO3335305084 Minibasket@valsuganabasket.com BASKET1 VOLTA A SETTIMANA € 336,00"
"ASD BREAK POINT GOLF CLUB LOC. MASO GRILLO, 4380573517888513info@breakpointgolf.itwww.breakpointgolf.it01253770224GOLFBASE PRIMAVERA6-18XX€ 250,00BASE AUT/INV6-18XX€ 250,00INTERMEDIO PRIM6-18XX€ 450,00INTERMESIO AUT /INV6-18XX€ 300,00AVANZATO PRIM.6-18XX€ 600,00AVANZATO AUT /INV.6-18XX€ 400,00"
"4 GYM VIGOLANA ASD VIA ALLE FONTI, 83804934790466084gymvigolana@gmail.com /02554370227GINNASTICA ARTISTICA 1 ORA IN SETTIMANA3 - 5 anniXX€ 210,00 2 ORE IN SETTIMANA6 - 18  anniXX€ 260,00 1,5 ORA IN SETTIMANA6 - 18 anniXX€ 240,00 4 ORE IN SETTIMANASu selezionenoX€ 300,00 6 ORE IN SETTIMANASu selezionenoX€ 340,00"
"JENKY’S CANOA KAYAK ASD FRAZ. ORZANO, 3638045CIVEZZANO336306028jenkycanoakayak@gmail.comwww.jenkyscanoa.it96092740222CANOAAVVIAMENTO CANOA8-18XX€ 150,00 €25,00"
"UNIONE SPORTIVA  LEVICO TERME VIALE LIDO38056LEVICO TERME0461/706892uslevicoterme@gmail.com 81004200226CALCIOPICCOLI AMICI5-6XX€280,00SCONTO DI 30,00 € SULLA QUOTAPRIMI CALCI7-8XX€330,00PULCINI9-10XX€330,00ESORDIENTI11-12XX€330,00GIOVANISSIMI13-14XX€350,00ALLIEVI15-16Xno€380,00JUNIORES17-18Xno€380,00"
"HORSES’NUNATAK ASD VIA DOS DEL BUE, 230380493470311182 96112740228EQUITAZIONECORSO BASE (10 LEZIONI)6-18XX250 € (€ 230,00 + €20 tesseramento) 10% 2° MINORE 15% DAL 3° MINORE IN POI SETTIMANE A CAVALLO5-16XX220 €  (€ 230,00 + €20 tesseramento) CORSO SEMESTRALE6-18XX300 € (€ 280,00 + € 20 tesseramento)"
"ASSOCIAZIONE SPORTIVA INDIRIZZOCAPCITTA’TELEFONOPEC/MAILSITO WEBC.FISCALE/P.IVADISCIPLINA PRATICATACATEGORIE MASCHILEFEMMINILE SCONTO PER L’ISCRIZIONE DEL 2°, 3°, 4° FIGLIO"
"SOC. SPORTIVA ALDENO ASD VIA ALLE ALBERE 338060ALDENO3498574733ssaldenoasd@pec.itssalenoasd.altervista.org CALCIOcalcio sgs5-12sisi€320,00quota ridotta ad euro 280,00 per nuclei familiari con più figli iscrittiETA’/ANNO DI NASCITAIMPORTO TESSERAMENTOE CORSO"
ALTOPIANO DELLA VIGOLANAhorsesnunatak@gmail.comprofilo Facebook e Instagram: Centro Ippico Vigolana – Horses Nunatak A.s.d.
"ASSOCIAZIONE SPORTIVA INDIRIZZOCAPCITTA’TELEFONOPEC/MAILSITO WEBC.FISCALE/P.IVADISCIPLINA PRATICATACATEGORIE MASCHILEFEMMINILE SCONTO PER L’ISCRIZIONE DEL 2°, 3°, 4° FIGLIO"
A.S.D A.C. LEDRENSE * VIA DI CARPEÀ38067LEDRO34938147482 93002810229CALCIOPRIMI CALCI2017/18/19SISI
"A.S.D. ARCIERI VIRTUS VIALE DEI TIGLI N. 4738066RIVA DEL GARDA3395862513 93008350220TIRO CON L’ARCO//7-20SISI€ 100,00//"
"A.S.D. ALTLETICA ALTO GARDA E LEDRO VIA POMERIO N. 938062ARCO464510346 93005300228ATLETICA LEGGERA//6-20SISI€ 250,0050€ ogni singola quota dopo il primo iscitto"
"A.S.D. GINNASTICA TENNO 38066RIVA DEL GARDA3494915913 ginnasticatennoasd@yahoo.com //93023480226GINNASTICA ARTISTICACORSI BASE4-13SISI€ 340,00CORSO B. 1 V. SETTIMANA4-13SISI€ 270,00ATTIVITÀ PREAGONISTICA6-18SISI€ 460,00ATTIVITÀ AGONISTICA8-18NOSI€ 520,00"
"A.S.D. GOFAST VIALE DEI TIGLI N. 3138066RIVA DEL GARDA3479661295 //93014180223SKATEBOARDSKATEBOARD5-18SISI€ 150,00Da 2 a più costo € 100,00"
"A.S.D. PALLAVOLO C9 ARCO RIVA 38062ARCO3401460004 93002910227PALLAVOLOMINIVOLLEY6-10SISI€ 325,00Da 2 a più costo € 165,00UNDER10-18SISI€ 375,00Da 2 a più costo € 165,00"
"A.S.D. TWIRLING ALTOGARDA VIA TORRE N. 1238074DRO3425304130 facebook twirling altogarda93018130228TWIRLINGAGONISMO SOLISTE12-18SIMENO 10,00€AGONISMO SOLISTE12-18SIMENO 10,00€"
"CIRCOLO TENNIS RIVA ASD VIA LIBERAZIONE N. 738066RIVA DEL GARDA3389384911 84002430225TENNISBABY TENNISUnder 16SISI€ 700,0010%MINI TENNISUnder 12SISI€ 1.180,0010%TENNIS NON AGONISTIUnder 18SISI€ 1.420,0010%"
"A.S.D. TRI-SWIM GARDATRENTINO** VIA BASTIONE N. 438066RIVA DEL GARDA34847984189 2521770228TRIATHLON – NUOTONUOTO PROPAGANDADai 6 anniSISi€ 380,00ETA’/ANNO DI NASCITAIMPORTO TESSERAMENTOE CORSO"
"usrivadelgardaasd@pec.figctrento.it Info@usrivadelgarda.com www.usrivadelgarda.com2° figlio 200,00€3° figlio 180,00€4° figlio 150,00€"
tri-swimasd@pec.it  Info@triswimgardatrentino.it www.triswimgardatrentino.it Secondo figlio 5%Terzo figlio 10% Dal quarto figlio 15% Con disabilità 50%
"A.S.D. TRI-SWIM GARDATRENTINO** VIA BASTIONE N. 438066RIVA DEL GARDA34847984189 2521770228TRIATHLON – NUOTOTRIATHLON6-9SISI€ 490,00TRIATHLON10-11SISi€ 540,00TRIATHLON12-13SISI€ 590,00TRIATHLON14-18SISi€ 640,00"
"A.S.D. GINNASTICA TENNO 38066RIVA DEL GARDA3494915913 //93023480226GINNASTICA ARTISTICACORSO AVVIAMENTO4-12SISI€ 360,00CORSO BASE13-17NOSI€ 360,00CORSO PRE AGONISTICO 17-12SISI€ 490,00CORSO PRE AGONISTICO 29-17SISI€ 540,00CORSO AGONISTICO10-19NOSI€ 540,00"
"A.S.D. GINNASTICA IDEO’ 37018MALCESINE3291282582 //93285770231GINNASTICA RITMICANON AGONISTI3-25NOSI€ 500,00SCONTO DI 5€ MENSILI PER SORELLE AGONISTI3-25NOSI€ 600,00"
"ASD ACCADEMIA JUDO ALTO GARDA 38066RIVA DEL GARDA3519298336 93024300225JUDOCORSO PROPEDEUTICO MOTORIO4-6SISI€ 465,00CORSO BAMBINI/E6-8SISI€ 465,00CORSO RAGAZZI/E9-12SISI€ 514,00CORSO AGONISTI/E13-18SISI€ 750,00CORSO DIFESA DONNEOver 15NOSI€ 200,00"
A.S.D. KNOCK OUT VIA NARZELLE N. 1038062ARCO3395835386 93025100228KICK BOXING5-16SISI85€ MENSILI 170€ TRIMESTRALI
"U.S. BAONE ASD VIA FOSSA N. 10/B38062ARCO338914144 //84002060220CALCIOCALCIO6-18SISI€ 230,00"
ASD RUGBY ALTO GARDA 38066RIVA DEL GARDA3406112089 //93019550222RUGBYU 88-9SISI
"ASD GYMNICA VIA ALDO MORO N. 1738062ARCO3471487588 93007210227GINNASTICA RITMICACORSO MINI4-5SISI€ 360,00"
"CICLISTICA DRO ASD LOCALITA’ OLTRA N. 238074DRO3476937171 84002780223CICLISMOGIOVANISSIMI6-12SISI€ 150,00"
"38074DRO3479615001 //93023960227DANZE ACCADEMICHE4 in suSISIDa €300 a € 505,00 a €825,00- 10% dal II figlio STREET E POP DANCE4 in suSISIDANZE NAZIONALI6 in suSISIDANZE INTERNAZIONALI6 in suSISItri-swimasd@pec.it  Info@triswimgardatrentino.it www.triswimgardatrentino.it Secondo figlio 5%Terzo figlio 10% Dal quarto figlio 15% Con disabilità 50%"
VIA DANTE ALIGHIERIN. 8tomasmarialopez@pec.it  Ginnasticatennoasd@yahoo.com2° -10%3° -15%
VIA ANTONIO BUTTURA N. 15a.s.dginnasticaideo@gmail.com  003532@pec.federginnastica.it
ASD OLIMPIA ARCO TENNISTAVOLO  - O.A.T.T.VIA A. DEGASPERI N.17oatt2002@gmail.com  Fitet0401@pec.fitet.org30% II familiare50% III familiare70% IV familiare
usbaoneasd@pec.figctrento.it us.baone@libero.it
ciclisticadroasd@gmail.com Ciclisticadro@pec.itwww.ciclisticadro.com
stivo.oltresarca@gmail.com Ssstivoasd@pec.figctrento.it
"A.S.D. ACADEMY OF DANCE AND BALLROOMVIA GARDESANA OCCIDENTALEacademyofdanceandballroom@gmail.com Academyofdance@pec.itDANZE ACCADEMICHE, STREET E POP DANCE, DANZE NAZIONALI E INTERNAZIONALI"
"ASSOCIAZIONE SPORTIVA INDIRIZZOCAPCITTA’TELEFONOPEC/MAILSITO WEBC.FISCALE/P.IVADISCIPLINA PRATICATACATEGORIE MASCHILEFEMMINILE SCONTO PER L’ISCRIZIONE DEL 2°, 3°, 4° FIGLIO"
"ASD JUDOBUDOKAN PAGANELLA Via Garibaldi n.6838018Molveno328 6240957judobudokan@pec.it 2092890223GIOCA JUDO 3-6SISI€ 195,00II FIGLIO – SCONTO 30%JUDO BAMBINI 7-12SISI€ 325,00DAL III FIGLIO SCONTO 50%JUDO RAGAZZI 12-20SISI€ 325,00MGA 14-20SISI€ 325,00"
"ASD GYM ART PAGANELLA via al Belvedere n.1438010Fai della Paganella345 6745552gymart.paganella@gmail.com 2674700220CORSO ASILO 3-5SISI€ 240,00II figlio – sconto 10%BASE ELEMENTARI 6-10SISI€ 300,00dal terzo figlio in poi sconto 20%PRE AGONISMO DA 6 ANNISISI€ 490,00AGONISMO 1 SISI€ 645,00AGONISMO 2 SISI€ 675,00AGONISMO 3 SISI€ 735,00"
"ASSOCIAZIONE SPORTIVA INDIRIZZOCAPSEDE LEGALETELEFONOPEC/MAILSITO WEBC.FISCALE/P.IVADISCIPLINA PRATICATACATEGORIE MASCHILEFEMMINILE SCONTO PER L’ISCRIZIONE DEL 2°, 3°, 4° FIGLIO"
"GINNASTICA VAL DI NON ASD Via S. Vito 3338023CLES333/7023440 2180060226ginnasticapsicomotricitàda 3 a 6xx€ 180,00ginnastica artistica6 oltrexda € 245,00 a € 565,00ginnastica acrobatica6 oltrexxda € 245,00 a € 565,00ginnastica posturaletuttixxda € 200,00 a € 550,00parkour6 oltrexx€ 240,00"
"SOCIETA' PODISTICA NOVELLA ASD Piazza San Giovanni 738013BORGO D'ANAUNIA0463/830180 92004680226pallavolounder 12/13da 10 a 13xx€ 300,00"
"ASD POLISPORTIVA TUENNO Via Maistrelli 838019VILLE D'ANAUNIA346/0096710 92000200227palla tamburelloprimi colpida 4 a 6xx€ 50,0020 Euro a bambinopulcinida 6 a 10xx€ 140,0020 Euro a bambinoesordientida 10 a 12x€ 140,0020 Euro a bambinogiovanissimeda 12 a 14x€ 140,0020 Euro a bambino"
"ASD ANAUNE VAL DI NON Viale Degasperi 16338023CLES335/7055444 1252620222calciocalcio att. baseda 5 a 11xx€ 270,00sconto € 50,00 secondo/terzo figlio,calcio sett. giovanileda 12 a 16x€ 300,00gratis 4° e ulteriori figli"
"UNIONE SPORTIVA BASSA ANAUNIA ASD Via Colle Verde 138010DENNO339/3311628 662350222piccoli amici2018-2019xx€ 150,002° figlio 50% su quota di competenza; dal 3° figlio gratisprimi calci2016-2017xx€ 250,00ETA’/ANNO DI NASCITAIMPORTO TESSERAMENTOE CORSO"
polisportivatuenno@libero.it;Polisportivatuenno@pec.it
"segreteria@usbassanaunia.itUsbassaanaunia@pec.figctrento.itwww.usbassanaunia.itcalcio, pallavolo in collaborazione con Predaia ASD"
"UNIONE SPORTIVA BASSA ANAUNIA ASD Via Colle Verde 138010DENNO339/3311628 662350222pulcini2014-2015xx€ 300,00esordienti2012-2013xx€ 300,00under 152010-2011xx€ 300,00under 172008-2009xx€ 300,00under 182006-2007xx€ 100,00"
"CIRCOLO TENNIS TAVOLO CLES ASD Via Degasperi 16338023CLES333/1342158 1202520225tennis tavoloagonistiunder 18xx€ 200,002° figlio 25%; 3° figlio 50%agonistiover 18xx€ 150,00amatorituttexx€ 100,00soggetti fragilituttexx€ 50,00"
"ASD PREDAIA Piazza San Vittore38012PREDAIA329/8623426 672020229calcio e pallavolocalcioda 6 a 18xx€ 280,00 +€ 20 di tessera sconto 50%pallavoloda 6 a 18xx€ 280,00 + € 20 di tessera"
"TEAM TAEKWONDO PREDAIA ASD Via alla Torre 1138012PREDAIA333/2631553 92019130225taekwondotaekwandoda 5 a 14xx€ 200/anno2 figlio € 150,00/anno;3 e 4° figlio gratuito"
"ASD VAL DI RUMO Via Pontara 1138020RUMO346/8532499 670800226corso di sci; corso di nuotocorso di scidai 5 annixx€ 167,00sconto 10% dal 2° figliocorso di nuotodai 4 annixx€ 107,00sconto 10% dal 2° figlio"
"AC ALTA ANAUNIA ASD Via Marconi 1/138011CAVARENO347/0448108 83031970227calcio a 11 e calcio a 5calcio a 11da 8 a 16xx€ 250,00calcio a 11da 6 a 7xx€ 110,00"
ASD VAL DI NON BASKET Via Strada Romana 538012VILLE D'ANAUNIA350/5003721 92024520220basketbasketda 6 a 16 annixx290 Euro250 Euro dal secondo fratello
"ASSOCIAZIONE SPORTIVA INDIRIZZOCAPCITTA’TELEFONOPEC/MAILSITO WEBC.FISCALE/P.IVADISCIPLINA PRATICATACATEGORIE MASCHILEFEMMINILE SCONTO PER L’ISCRIZIONE DEL 2°, 3°, 4° FIGLIO"
"SCI FONDO VAL DI SOLE ASD VIA DELLA PRADA, 3138029VERMIGLIO 01762590220SCI FONDODA 4 A 18 ANNIDA 4 A 18 ANNISiSiDA 130 A 500"
"ASSOCIAZIONE SPORTIVA INDIRIZZOCAPSEDE LEGALETELEFONOPEC/MAILSITO WEBC.FISCALE/P.IVADISCIPLINA PRATICATACATEGORIE MASCHILEFEMMINILE SCONTO PER L’ISCRIZIONE DEL 2°, 3°, 4° FIGLIO"
"U.S. MONTI PALLIDI ASD PIAZ DE SOTEGRAVA, 2038035MOENA (TN)333-1790226 00622460228SCI ALPINO 5-18xxDA 160,00 A 1.350,00SNOWBOARD 6-18xxDA 240,00 A 800,00SCI DI FONDO 5-18xxDA 90,00 A 600,00COMBINATA NORDICA 6-18xx€ 600,00ARRAMPICATA 6-18xx€ 140,00ATLETICA 5-18xx€ 110,00CALCIO 5-18xxDA 50,00 A 130,00"
"FASSACTIVE ASD STRADA DE TREVE, 10138032CANAZEI (TN)333-3078103 020904490224SNOWBOARD 0-18xxDA 160,00 A 240,00"
"ASD FASSA CALCIO STRADA PRÉ DE SOT38036380-6571686 91001020220CALCIOPRIMI CALCI6-8xx€ 130,00"
"2° FIGLIO SCONTO 50% 3° FIGLIO SCONTO 70% 4°FIGLIO GRATUITOPULCINI8-10xx€ 180,00ESORDIENTI10-12xx€ 200,00GIOVANISSIMI12-15xx€ 200,00ALLIEVI15-17x€ 200,00JUNIORES17-19x€ 100,00segreteria@usbassanaunia.itUsbassaanaunia@pec.figctrento.itwww.usbassanaunia.itcalcio, pallavolo in collaborazione con Predaia ASD"
asdvaldirumo@gmail.comAsdvaldirumo@pec.ithttps://www.comune.rumo.tn.it/Vivere-il-comune/Luoghi/Centro-polifunzionale#
"ASD GINNASTICA  ACROBATICA VALLE DEL NOCE333 3043871339 6224790patriziacristofori@pec.itpatriziacristofori@tin.itpatriziacristofori62@gmail.comwww.acrobaticavaldisole.itBASE / INTERMEDIO / AVANZATO / AGONISMO2º FIGLIO SCONTO DEL10% SUL COSTO DEL CORSO AL NETTO ” QUOTA’ ASSOCIATIVA; PER IL 3º - 4º FIGLIO GRATUITA' DEL CORSOBABY - CORSI DA 1,5 / 2 / 3 / 4 ORE A SETTIMANADA 210,00 A 420,00"
ASD FASSA CALCIO STRADA PRÉ DE SOT38036380-6571686 91001020220CALCIO
"SKI TEAM FASSA ASD P.ZA SAN NICOLO', 5380360462-764111 91000470228SNOWBOARDCORSO OLLIE6-14xx€ 300,00FONDOCORSO SPRINT6-14xx€ 250,00SCI ALPINOCORSO SPEED6-10xx€ 360,00CORSO CARVE6-14xx€ 285,00CORSO ENERGY11-18xx€ 375,00BABY-CUCCIOLI8-11xx€ 1.100,00RAGAZZI/ALLIEVI12-15xx€ 1.900,00GIOVANI16-19xx€ 2.300,00FREESTYLEFREESKI12-19xx€ 1.000,00"
"FASSABIKE ASD STRÈDA MARMOLADA,38032CANAZEI (TN)320-2471339 02294830225MTB ENDURO8-15XX€ 215,00"
"ASSOCIAZIONE SPORTIVA INDIRIZZOCAPSEDE LEGALETELEFONOPEC/MAILSITO WEBC.FISCALE/P.IVADISCIPLINA PRATICATACATEGORIE MASCHILEFEMMINILE SCONTO PER L’ISCRIZIONE DEL 2°, 3°, 4° FIGLIO"
"A.S.D. ATLETICA ROTALIANA Via Cavalleggeri Udine 3938017MEZZOLOMBARDO389-8059117 80015620224ATLETICA LEGGERA6/18sisi€ 200,00€ 200 2° figlio€ 160 3° figlio€ 120 4° figlio"
"A.S.D. BASILISCO VOLLEY Via Fornai, 438016MEZZOCORONA339-3961162 01046530224minivolley6/11nosi€ 200,00€ 50 2° figliounder 1211/12nosi€ 330,00€ 100 3° figliounder 1312/13nosi€ 330,00under 1413/14nosi€ 330,00€ 150 4° figliounder 1614/16nosi€ 330,00under 1816/18nosi€ 330,00"
"A.S.D. BF DANCE STUDIO Via Perlasca, 438017MEZZOLOMBARDO338-5738789 961133902221DANZE LATINO AMERICANEbaby latino4/6sisi€ 270,00Sconto 20%sinchrolatin7/12sisi€ 290,00agonismo6/40sisi€ 790,00"
"A.S.D. ROTALIANA BASKET E MINIBASKET Via Trento,8838017MEZZOLOMBARDO348-8878865 02307930228BASKET E MINIBASKETpulcini minibasket6/9sisi€ 280,00€ 30 per ogni fratello/sorellaaquilotti small6/9sisi€ 280,00"
"A.S.D. CIRCOLO TENNIS MEZZOCORONA via Sottodossi, 538016MEZZOCORONA349-5576798 80015030226TENNISINVERNO/PRIMAVERA5/18sisi€ 350,00€ 50 2° figlioESTATE5/18sisi€ 130,00€ 20 2° figlio"
"A.S.D. CIRCOLO TENNIS MEZZOLOMBARDO Via Cavalleggeri Udine, 838017MEZZOLOMBARDO333-2685910 00598170223TENNISGIOVANILE5/18sisi€ 700,00€ 100 2° figlio€ 200 2° figlioSAN GIOVANNI DI FASSA - SÈN JAN (TN)info@fassacalcio.itwww.fassacalcio.it"
"ASSOCIAZIONE SPORTIVA INDIRIZZOCAPSEDE LEGALETELEFONOPEC/MAILSITO WEBC.FISCALE/P.IVADISCIPLINA PRATICATACATEGORIE MASCHILEFEMMINILE SCONTO PER L’ISCRIZIONE DEL 2°, 3°, 4° FIGLIO"
"ASD Val di Cembra Calcio Via Corniole 138030Giovo3923433042 02678410222Calciopiccoli amici6-7XX€ 250,0025% - 30%- 40%primi calci8-9XX€ 250,0025% - 30%- 40%pulcini10-11XX€ 250,0025% - 30%- 40%esordienti12-13XX€ 250,0025% - 30%- 40%giovanissimi14-15XX€ 300,0025% - 30%- 40%allievi16-17XX€ 300,0025% - 30%- 40%juniores18-20XX€ 200,0025% - 30%- 40%"
"ASD Val di Cembra Volley Via Negritelle, 138034Cembra Lisignago3493614380 01536620220PallavoloMinivolley6-10XX€ 210,00200,00 € - dal 3 in poi 150,00€ Under 12 e cat. Superiori12 in poixx€ 310,00200,00 € - dal 3 in poi 150,00€"
"Asd Qwan Ki Do Vietsù Fraz. Scancio38047Segonzano3472744944 96089650228kung Fu vietnamitaQwan Ki Do1/5/17XX€ 280,00 /Qwan Ki Do"
"ASSOCIAZIONE SPORTIVA INDIRIZZOCAPSEDE LEGALETELEFONOPEC/MAILSITO WEBC.FISCALE/P.IVADISCIPLINA PRATICATACATEGORIE MASCHILEFEMMINILE SCONTO PER L’ISCRIZIONE DEL 2°, 3°, 4° FIGLIOU.S. DOLOMITICA A.S.D. Via Cesare Battisti, 4/A38037PREDAZZO0462-501207 82004070221AtleticaMinicuccioli – Nuoto2017-19SISI€ 270,0010%CalcioCuccioli – Nuoto2015-17SISI€ 270,0010%BiathlonEsordienti – Nuoto2012-14SISI€ 400,0010%NuotoPropaganda – Nuoto2010-14SISI€ 310,0010%Sci AlpinoAgonistico – Nuoto2006-10SISI€ 470,0010%Sci NordicoAvviamento Triathlon2006-12SISI€ 510,0010%Dolokids2012-19SISI€ 380,0010%TriathlonCalcio Giovanissimi2006-09SISI€ 280,0010%Calcio Under 152009-12SISI€ 220,0010%Calcio Esordienti2012-14SISI€ 260,0010%Calcio Pulcini2014-16SISI€ 245,0010%Calcio scuola calcio2017-19SISI€ 220,0010%Atletica Esordienti2013-18SISI€ 140,0010%Atletica Ragazzi2011-12SISI€ 170,0010%Atletica Cadetti2009-10SISI€ 170,0010%Atletica Allievi2007-08SISI€ 170,0010%Biathlon Ragazzi2011-13SISI€ 400,0010%Biathlon Allievi2009-11SISI€ 400,0010%Biathlon Aspiranti2007-09SISI€ 500,0010%Biathlon Junior2003-07SISI€ 500,0010%Fondo Baby Cuccioli2013-16SISI€ 350,0010%Fondo Ragazzi Allievi2009-12SISI€ 420,0010%Fondo Aspiranti Junior2005-08SISI€ 420,0010%SISI10%- Under 102014-18SISI€ 300,0010%- Under 122012-14SISI€ 300,0010%- Under 142010-12SISI€ 400,0010%- Under 162008-10SISI€ 400,0010%- Under 202004-08SISI€ 250,0010%Sci Alpino promozionale2015-16SISIda deliberare10%Sci Alpino Baby2013-14SISIda deliberare10%Sci Alpino Cuccioli2011-12SISIda deliberare10%Sci Alpino Ragazzi Allievi2009-10SISIda deliberare10%Sci Alpino Giovani Aspiranti2007-08SISIda deliberare10%Atletica scuole elementari2011-19SISI€ 120,0010%"
"CENTRO DANZA TESERO 2000 A.S.D. Via Noval, 538038Tesero3406338480 1760090223Danza classicaDanza Classica2018SISI€ 380,0020% su 2° figlioDanza modermaDanza Classica2010-17SISI€ 560,0030% su 3° figlioDanza Classica2007-09SISI€ 660,00Danza Moderna2012-16SISI€ 480,00Danza Moderna2007-11SISI€ 560,00"
"CIRCOLO TENNIS PREDAZZO A.S.D. Via Rododendri, 2938037Predazzo3385474383 91001510220"
"A.S.D. PALLAMANO FIEMME-FASSA Piazza Scopoli, 738033Cavalese3313165438 91013350227PallamanoUnder 16 Maschile2008-13SINO€ 300,0020%Under 16 Femminile2008-13NOSI€ 300,00Under 12 non agonistico2012-15SISI€ 150,00Under 12 agonistico2012-15SISI€ 250,00ETA’/ANNO DI NASCITAIMPORTO TESSERAMENTOE CORSO"
valdicembracalcio@gmail.com asdvaldicembracalcio@pec.figctrento.it
"A.S.D. G.S. TRILACUM Via 12 settembre38123Trento328 4845038 80018030223ATLETICAATLETICA5 – 18sisi€ 150,00€ 50,00 di sconto dal secondo figlio in poi"
"A.S.D. VOLLEY VALLE DEI LAGHI VIA DON NEGRI 37/A38073CAVEDINE3289450594 1706450226PALLAVOLO6 – 10 ANNISìSì€ 200,00€ 30,006 – 10 ANNISìSì€ 150,00UNDER 1210 -11 ANNISìSì€ 250,00UNDER 1414 -17 ANNINOSì€ 280,00UNDER 1813 -13 ANNINOSì€ 280,00"
"A.S.D. TOBLINO CALCIO MADRUZZO380763393212045 80021270220CALCIOprimi calci € 180,00€ 80,00 per il secondo figliopulcini € 180,00Ulteriori € 40,00 per il terzo figlioesordienti € 250,00giovanissimi € 250,00allievi € 250,00"
"ASSOCIAZIONE SPORTIVA INDIRIZZOCAPSEDE LEGALETELEFONOPEC/MAILSITO WEBC.FISCALE/P.IVADISCIPLINA PRATICATACATEGORIEETA’/ANNO DI NASCITMASCHILEFEMMINILE SCONTO PER L’ISCRIZIONE DEL 2°, 3°, 4° FIGLIO"
"UNIONE SPORTIVA DILETTANTISTICA TELVE LOC. ORTISE’, 1/B TELVE (38050TELVE (TN)3472605272ustelve@pec.figctrento.itwww.ustelve.eu90000960220"
"A.S.D. QWAN KI DO TANG LANG BORGO V VIA MOLINI, 738050TORCEGNO (TN)3488708016giovannirampellotto@gmai 90011660223"
"ASD ORTIGARALEFRE OSPEDALETTO VIA GUIDO TOMASINI, 638050OSPEDALETTO (TN)3403709753info@ortigaralefre.itwww.ortigaralefre.it2120950221"
"ASD LIFESTYLE BORGO VALSUGANA VIA PUISLE, 2938051BORGO VALSUGANA(3476458292asdlifestyle@pec.itwww.associazionelife2394360222 DANCING KIDS3-10SISI€ 440,000,5DANZA DEL VENTRE6-15SI€ 440,00"
ASSOCIAZIONE SPORTIVAINDIRIZZOCAPCITTA’TELEFONOPEC/MAILSITO WEBC.FISCALE/P.IVADISCIPLINA PRATICATACATEGORIEMASCHILEFEMMINILE
"SND NUOTATORI TRENTINI ASD 38121TRENTO0461961483 96078890223NUOTO ANNUALE8-18SISI€ 580,00"
"UNIONE SPORTIVA AURORA  ASD VIA SOLTERI 66 38121TRENTO3462316113 00483580221CICLISMOGIOVANISSIMI7-12SISI€ 300,0050 euro dal 2° figlio ESORDIENTI13-14SINO€ 350,00ALLIEVI15-16SINO€ 350,00"
"HOCKEY CLUB TRENTO ASD VIA FERSINA, 1538123TRENTO3498648343 01194620223HOCKEY SU GHIACCIOUNDER 86–7 SISI€ 380,00UNDER 108-9SISI€ 430,00UNDER 1210-11SISI€ 500,00UNDER 1412-13SISI€ 620,00UNDER 1614-15SISI€ 750,00UNDER 1916 -18SISI€ 850,00"
"ATA TRENTO VOLLEY ASD VIA FERSINA 2138123TRENTO3285365270 960478902213,5 – 5SISI€ 55,00MINIVOLLEY6-9SISI€ 350,00SUPERMINIVOLLEY10-11NOSI€ 350,00UNDER 1210-12NOSI€ 420,00UNDER 13 CSI12-13NOSI€ 420,00UNDER 1311-13NOSI€ 490,00UNDER 1412-14NOSI€ 490,00UNDER 1613-16NOSI€ 490,00UNDER 1813-18NOSI€ 490,00U.S. DOLASIANA A.S.D. 38121TRENTO0461 961649 80019970229 CALCIO 8-18SISI€ 290,00PALLAVOLO8-18SISI€ 290,00A.P.D. REN 38122TRENTO3298355365 96092600228 QWAN KI DO8-17SISI€ 406,00"
"2 ALLENAMENTI SETTIMANALI – agonisti3 ALLENAMENTI SETTIMANALI - agonisti 4 ALLENAMENTI SETTIMANALI – agonistiASD DOJO M° BENEMERITO DARIO TARABELLIVIA MENGUZZATO, 205 dariotarabelli@pec.itwww.fijlkam.it"
ASSOCIAZIONE SPORT SENZA FRONTIERE TRENTINO APS  ASD sportsenzafrontiere.trentino@pec.itwww.sportsenzafrontiere.tn.it TENNISTAVOLO UNDER 11 – promozionale
G. S. SOLTERI SAN GIORGIO ASD      gssolterisangiorgioasd@pec.figctrento.itwww.solterisangiorgio.itCALCIO: 30€  a ogni fratello
U.S. SOPRAMONTE A.S.D. direzione@pec.ussopramonte.itwww.ussopramonte.it CALCIO PALLAVOLOPRIMI CALCI PICCOLI AMICI
"ASD PROMOVOLLEY VIA DOS TRENTO38121TRENTO3482940787 01167970225VOLLEYMINIVOLLEY5-9SISI€ 320,00Sconto di € 50,00 da secondo figlio UNDER 10-18SINO€ 450,00ASD MINIBASKET TRENTO 38121TRENTO0461931035 80024730220PALLACANESTROMINIBASKET 5-10SISI€ 300,0010% SUL TOTALE BASKET 11-13SISI€ 400,00JUNIOR BASKET TRENTO SDRL 38121TRENTO0461.931035 96040670224PALLACANESTROPALLACANESTRO12-18SINO€ 430,0010%  SUL TOTALE"
"TRENTO BOXE NEW ATHLETIC TEAM ASD VIA DI COLTURA 838123TRENTO3477784114 96088010226GYM BOXEAMATORI14-17SISI€ 300,00ALLIEVI12-13SISI€ 300,00CANGURI10-11SISI€ 300,00"
"ASD DANZE SPORTIVE DES ETOILES VIA CONCI, 86/D38123TRENTO 96026040228DANZA SPORTIVADANZA SPORTIVA 6-18SISI€ 500,00"
"DANZA MODERNA6-18SISI€ 500,00ASDPS UNIONE SCACCHISTA TRENTINA VIA FERSINA 2138123TRENTO3284480649 80024340228SCACCHISCACCHI8-18SISI€ 60,00NESSUNA"
G.S. BELVEDERE ASD S.MARINA 46/238123TRENTO3494644644 96029350228MINIBASKET5-6SISI120
"A.P.D. RARI NANTES TRENTO VIA BETTINI, 7/A38123TRENTO0461.921366 01479820225CORSO NUOTO0-99SISIDa 100€ a 120€ per 10 lezioniAGONISMO NUOTO 6-99SISIDa 200€ a 690€ annuale PALLANUOTO6-99SISIDa 200€ a 690€ annuale TORREFRANCA MATTARELLO ASD DEL CASTEL 538123TRENTO 3296718014 2089500223MINIVOLLEY E PALLAVOLOMINIVOLLEY8-10SI SI € 350,00PALLAVOLO11-18NOSI€ 600,00A.S.D. CALISIO CALCIO PREDISCOLA, 1838121TRENTO 3487412397 1418520225CALCIOCALCIO 5-18SI SI € 380,00Dal 2° figlio sconto 130€"
"2006-2007-2008SISI€ 450,00UNIONE SPORTIVA RAVINENSE via Filari Longhi  2/B38123TRENTO 3920069005 80013590221CALCIOSETTORE GIOVANILE5-18SI SI € 295,00Piazza Ergolding, 138123TRENTO 3494766492 -1418190227CALCIOSETTORE GIOVANILE5-18SI SI € 295,00"
"ASD BONDONE PALLAMANO 38123TRENTO 3498319831 www.bondonepallamano,it96087290225PALLAMANO6-10SI SI € 150,00U13 PALLAMANO11-12SI SI € 180,00U14 PALLAMANO13SI SI € 250,00U16 PALLAMANO14-15SI NO€ 250,00"
"ASD ATLETICA TRENTO VIA SALE’ 2538123TRENTO 3296725620 00685810228ATLETICAESORDIENTI8-10SISI€ 320,00RAGAZZI11-12SISI€ 390,00CADETTI13-14SISI€ 390,00ALLIEVI15-16SISI€ 320,00"
"ASD IL GIRASOLE 38123TRENTO 3402419065 96091660223DANZA MINI 1 e 25-6SISI€ 240,00"
UNIONE SPORTIVA DILETTANTISTICA GARDOLO usdgardolo@pec.figctrento.itwww.usdgardolo.it Dal 2° figlio sconto 50
QUOTA = 420€ per fratelli settore femminilePALLAVOLO U15 MASCHILE PALLAVOLO U13-U14 FEMMINILE PALLAVOLO U16-U18 FEMMINILE usravinense@pec.figctrento.itwww.ravinense.it 50€ sconto per 2° figlio 75€ sconto per terzo figlio UNIONE SPORTIVA MATTARELLO CALCIO ASD mattarello.calcio@pec.virgilio.it 50€ sconto per 2° figlio 75€ sconto per terzo figlio
"ASD IL GIRASOLE 38123TRENTO 3402419065 96091660223DANZA JUNIOR 1, 2 e 38-12SISI€ 400,0015%  di sconto sul 2° e 3° figlioTEEN 1 e 213-15SISI€ 400,00AVANZATO >16SISI€ 555,00ASD GS TRILACUM 38123TRENTO 3284845038 www,gstrilacum.it80018030223ATLETICAATLETICA LEGGERA6-11SISI€ 150,0050 euro dal secondo figlio  ATLETICA LEGGERA 12-18SISI€ 150,00AD.PALLACANESTRO VILLAZZANO 38121TRENTO0461828111pallacanestrovillazzano@pec.it 01306570225BASKETBASKET12-15SINO€ 405,0050 euro di sconto secondo figlio  gratis dal terzo"
"A.S.D. ARTS&GYM Via Salorno 1238121TRENTO3497909087 0165397022645 min>6SISI€ 200,001 ora >6SISI€ 220,002 ore>6SISI€ 350,003 ore>6SISI€ 400,004 ore>6SISI€ 460,005 ore>6SISI€ 500,006 ore>6SISI€ 600,007 ore>6SISI€ 700,009 ore>6SISI€ 800,00"
"CLUB CICLISTICO FORTI E VELOCI A.S.D. Via dei Rimoni 2638123TRENTO 3920934160 80017360225CICLISMO GIOVANISSIMI7-12SISI€ 250,00ESORDIENTI13-14SINO€ 300,00ALLIEVI15-16SINO€ 300,00"
"SPORTIVI GHIACCIO TRENTO A.S.D. VIA FERSINA 1538123TRENTO 3357605148 www.sportivighiaccio,trento.it960027302224-14SISI€ 250,00"
"TRENTO BASEBALL ASD VIA FERSINA 4838123TRENTO - www.baseballtrentoasd-lupi,it02456980222BASEBALLUNDER 127-12SISI€ 320,00UNDER 1512-15SISI€ 320,00"
"ASD VIRTUS TRENTO 38122TRENTO 3484080873 00412960221CALCIOPICCOLI AMICI5-6SISI€ 350,00"
"ASD JUDO LAVIS 38121TRENTO3474097971 96052330220JUDOJUDO  >5SISI€ 320,00"
"ASSOCIAZIONE SPORTIVA INDIRIZZOCAPSEDE LEGALETELEFONOPEC/MAILSITO WEBC.FISCALE/P.IVADISCIPLINA PRATICATACATEGORIE MASCHILEFEMMINILEIMPORTO TESSERAMENTO E CORSOSCONTO PER L’ISCRIZIONE DEL 2°, 3°, 4° FIGLIO"
"ASD CENTRO STUDI MOVI-MENTE 38057338/2246688 96066770221GINNASTICA ARTISTICAPICCOLI3-6SISI€ 210,002° figlio -10%BASE 16-8NOSI€ 210,003° figlio e oltre gratuitàBASE 26-8NOSI€ 340,00AVANZATO 17-11NOSI€ 380,00AVANZATO 28-14NOSI€ 420,00"
"ASD BASKET PERGINE 38057348/5836004 .00643100225PALLACANESTROMB PULCINI5-6SISI€ 220,00per ogni fratello -30%MB SCOIATTOLI7-8SISI€ 280,00MB ACQUILOTTI9-10SISI€ 280,00MB ESORDIENTI10-11SISI€ 300,00U1311-12SISI€ 350,00U1412-13SINO€ 350,00U1513-14SINO€ 350,00U1714-15-16SINO€ 350,00U1916-17-18SINO€ 350,00"
"POLISPORTIVA OLTREFERSINA AD 38057379/1709785 80020800225ATLETICA LEGGERAATLETICA BABY3-4SISI140 € per 1 lezione a settimanaAtletica leggera: 2° figlio -20% e gratis dal 3° figlioE RUGBY 210 € per 2/3 lezioni a settimanaRugby: 2° figlio € 200,0 e 3° figlio € 100,00ATLETICA MINI CUCCIOLI5-6SISI140 € per 1 lezione a settimana210 € per 2/3 lezioni a settimanaATLETICA CUCCIOLI7-8SISI140 € per 1 lezione a settimana210 € per 2/3 lezioni a settimanaATLETICA ESORDIENTI E RAGAZZI9-12SISI140 € per 1 lezione a settimana210 € per 2/3 lezioni a settimanaATLETICA OVER 1212-18SISI140 € per 1 lezione a settimana210 € per 2/3 lezioni a settimanaRUGBY DI BASE5-12SISI€ 250,00RUGBY GIOVANILE12-18SISI€ 250,00"
"ASD JUDO CLUB PERGINE 38042348/3556481 .01270160227JUDOJUDO SISI€ 650,002° minorenne -8%3° minorenne - 10%4° minorenne - 12%"
Via 12 SETTEMBRE 6 asdgstrilacum@pec.figctrento.it VIA 4 NOVEMBRE  78/1 www.pallacanestrovillazzano.it
"PALESTRE COMUNALI DI PERGINE E PALAZZETTO DI CALDONAZZOLOC. FRATTE, 24 - PERGINE VALSUGANAgobber.giova@gmail.com;www.asdmovimente.org"
"A.S.D. HOCKEY PERGINE PALAGHIACCIO PERGINE38057348/2856123 .01469280224HOCKEY SU GHIACCIOUNDER 86-7SISI€ 450,00 50%UNDER 108-9SISI€ 500,00UNDER 1210-11SISI€ 550,00UNDER 1412-13SISI€ 600,00UNDER 1614-15SISI€ 650,00UNDER 1916-17SISI€ 800,00"
"ASSOCIAZIONE SPORTIVA INDIRIZZOCAPCITTA’TELEFONOPEC/MAILSITO WEBC.FISCALE/P.IVADISCIPLINA PRATICATACATEGORIEMASCHILEFEMMINILE SCONTO PER L’ISCRIZIONE DEL 2°, 3°, 4° FIGLIO"
"A.S.D. RARI NANTES ALA Piazza Giovanni XXIII, 138060Ala388-3666476 94006022528"
"A.S.D. APECHERONZA BASKET AVIO Viale A. Degasperi, 7338063Avio342-1596747 01595120229"
"A.S.D. AVIO CALCIO Via Degasperi, 7338063Avio333-8472656 00637760224"
"A.S.D. AVIO S.C. Via Degasperi, 1138063Avio339-6312532 02351960220"
"A.S.D. JUNIOR SPORT AVIO Via Marconi, 138063Avio349-2180674 94003120220 minivolley6 – 9sisi€ 200,00€ 150,00 dal secondo figlio in poipallavolo 10 – 14sisi€ 250,00miniatletica6 – 8sisi€ 200,00atletica leggera9 – 18sisi€ 250,00"
"A.S.D. BRENTONICO SKI TEAM Via Roma, 6038060Brentonico348-7416310 01750730220"
"A.S.D. GRUPPO SCIATORI BRENTONICO Via Dosso Maggiore, 1138060Brentonico339-5616062 94001830226 fondo+biathlon agonistico 8 – 10sisi€ 310,00€ 50,00 di sconto dal secondo figlio in poifondo+biathlon agonistico11 – 13sisi€ 400,00fondo+biathlon agonistico14 – 18sisi€ 460,00Le quote sono comprensive di tessera FISI, fondo agonistico U1814 – 18sisi€ 410,00iscrizione alle gare, abbonamentoattività promozionale8 – 16sisi€ 310,00stagionale ingresso centro fondo"
"A.S.D. TENNIS CLUB BRENTONICO Via al Rocol, 438060Brentonico349-7519031 00631410222TENNISprincipianti8 – 18sisi€ 230,0050% di sconto dal secondo figlio in poinon agonisti8 – 18sisi€ 310,00agonisti8 – 18sisi€ 550,00"
"A.S.D. POLISPORTIVA ALPE CIMBRA Via S. D'Acquisto, 21/A 38064Folgaria338-6024391 00631760220  calcio a 58sisi€ 200,00calcio a 79 – 10sisi€ 300,00calcio a 911 – 12sisi€ 350,00calcio a 1113 – 14sisi€ 350,00calcio a 1215 – 16sisi€ 350,00sci alpino8 – 18sisida  € 1.400,00 a € 2.550,00sci nordico8 – 15sisida  € 750,00 a € 950,00snowboard8 – 18sisi€ 1.600,00VIA AL PONTE 1/A - PERGINE VALSUGANAinfo@hockeypergine.itwww.hockeypergine.it"
avio.asd@gmail.comwww.scavio.it
info@alpecimbrapolisportiva.it www.alpecimbrapolisportiva.it
"A.S.D. TEAM WRESTLING ISERA Piazza Damino Chiesa, 138060Isera 333-3198730 02639170220 medi8 – 11sisi€ 250,00€ 450,00 per due figligrandi12 – 18sisi€ 250,00€ 600,00 per tre figli€ 750,00 per quattro figli"
"A.S.D. PALLAMANO PRESSANO Piazza G.N. Della Croce38015Lavis328-2519009 01345720229PALLAMANO promozionale8 – 12sisi€ 250,00€ 50,00 di sconto dal secondo figlio in poiagonistica13 – 18sisi€ 300,00"
"A.S.D. ADIGE UHC Via Lomba, 2338065Mori328-2029226 64003590228 under 108 – 10sisi€ 300,0050% di sconto per il secondo figlioHOCKEY PRATOunder 1210 – 12sisi€ 300,00gratis dal terzo figlio in poi under 1412 – 14sisi€ 300,00under 1614 – 16sino€ 300,00il pagamento si effettua in due rateserie A1 indoor16 – 18sino€ 300,00serie A2 prato16 – 18sino€ 300,00"
"A.S.D. GRUPPO SCIATORI MORI Via Cooperazione, 1838065Mori348-8466600 94036820226SCI ALPINOprincipianti8 – 14sisida € 260,00 a € 300,00SNOWBOARDavanzato8 – 14sisida € 260,00 a € 3000,00//"
"A.S.D. MORI SANTO STEFANO Via Lomba, 2338065Mori349-1704931 00653740225CALCIOcalcio8 – 18sino€ 350,00€ 50,00 di sconto per il secondo figlioPALLAVOLOpallavolo8 – 10nosi€ 250,00€ 75,00 di sconto per il terzo figliopallavolo11 – 18nosi€ 300,00"
"S.C. MORI 2021 A.S.D. Via Lomba, 2338065Mori 351-8696483 94047720225CICLISMO ciclismo 8 – 12sisi€ 220,00€ 180,00 per il secondo figlio"
"A.S.D. ACCADEMIA TAEKWON-DO Via Fermi, 238068Rovereto389-2708552 94025160220 taekwando8 – 18sisi€ 450,00€ 50,00 di sconto per ogni iscritto dello stessoHWA RANG-DAN kickboxing8 – 18sisi€ 450,00nucleo familiare"
"A.S.D. ARTEA Corso Bettini, 5838068Rovereto345-8571465 02089100222 modern A e B9 – 12sisi€ 670,0010% di sconto per il secondo figliomodern C e D13 – 17sisi€ 690,0020% di sconto per il terzo figliomodern E16 – 18sisi€ 852,0030% di sconto per il quarto figliowrestlingisera@gmail.com LOTTA  GRECOROMANA  LOTTA LIBERA  LOTTA FEMMINILE"
"A.S.D. CIRCOLO AMBIENTE E VITA 38068Rovereto347-0076590 94042090228CALCIO A 5calcio a 5, a 7, a 1114 – 18sino€ 250,0010% di sconto per il secondo figlio PALLAVOLOpallavolo14 – 18sisi€ 250,00e per il terzo figlioSCI ALPINOsci alpino8 – 18sisida  € 130,00 a € 2.000,0070% di sconto dal quarto figlio in poi"
"A.S.D. EDEN GYM Via Tartarotti, 4638068Rovereto340-6142502 01981980228GINNASTICA ARTISTICAginnastica generale8 – 10sisi€ 405,0010% di sconto dal secondo figlio in poipre-agonismo10 – 14sisi€ 465,00agonismo10 – 18sisi€ 534,00"
"A.S.D. GINNASTICA ARTISTICA Via Panizza, 4138068Rovereto348-7662045 01136270228"
"A.S.D. GINNASTICA ROVERETO Via Baratieri, 2638068Rovereto328-5399398 94013190221GINNASTICAginnastica artistica agonistica8 – 18sisida € 500,00 a € 700,0010% di sconto per il secondo figlioARTISTICA ginnastica artistica di base8 – 18sisi€ 450,0050% di sconto per il terzo figlioMASCHILE E 70% di sconto per il quarto figlioFEMMINILE"
"A.S.D. IPPON ACADEMY Via Zotti, 1738068Rovereto320-2771300 694035820227JUDOjudo avanzati8 – 10sisi€ 55,00/mese + € 70,00 tesseramento 10% di sconto per il secondo figliojudo agonisti11 – 18sisi€ 65,00/mese + € 70,00 tesseramento20% di sconto dal secondo figlio in poiTESSUTI AEREItessuti aerei8 – 18sisi€ 45,00/mese + € 70,00 tesseramentoDIFESA PERSONALEdifesa personale16 – 18sisi€ 35,00/mese + € 70,00 tesseramentoGINNASTICA ACROBATICAginnastica acrobatica8 – 12sisi€ 50,00/mese + € 70,00 tesseramento"
"A.S.D. JUNIOR BASKET ROVERETO Via S. Croce, 2138068Rovereto392-3367615 02071860221 Borgo Sacco – scoiattoli2016sino€ 320,00"
A.S.D. LAGARIA RUGBY ROVERETO 38068Rovereto331-9552219 02069680227
"A.S.D. LAGARIS VOLLEY Via S. Pellico, 1638068Rovereto349-3536342info@pallavolorovereto.it 01532650221PALLAVOLO volley S38 – 12sisi€ 300,0030% di sconto dal secondo figlio in poi sullasettore giovanile13 – 18sisi€ 420,00quota minore"
"A.S.D. LOTTA CLUB ROVERETO Via Ferrari, 1038068Rovereto347-2541587 85006100227 lotta8 – 18sisi€ 210,00€ 180,00 per il secondo figlio€ 150,00 per il terzo figlio(da gennaio a dicembre)"
"A.S.D. LOTTA OLIMPICA SAN GIORGIO Via Telani, 238068Rovereto 370-35411322 02561260221 fanciulli - bambini8 – 12sisi€ 230,00 //"
"A.S.D. NEW ATHLETIC TEAM ROVERETO Via della Roggia, 45/A38068Rovereto328-4592776 01439780220 kick boxing8 – 18sisi€ 340,0050% di sconto dal secondo figlio in poiBOXE pugilato8 – 18sisi€ 340,00"
"A.S.D. PALLAVOLO LIZZANA Via Panizza, 3438068Rovereto347-8947621 94001630220 minivolley8 – 10nosida € 285,00 a € 310,0020% di sconto dal secondo figlio in poi U12-U13-U1410 – 13nosida € 325,00 a € 350,00U16-U1814 – 18nosida € 395,00 a € 410,00"
"A.S.D. PARKOUR ROVERETO Viale Trento, 33/E38068Rovereto339-2867099 94040850227PARKOURparkour (1 volta a settimana)8 – 18sisi€ 300,0010% di sconto dal secondo figlio in poiparkour (2 volte a settimana)8 – 18sisi€ 500,00DANZA PILATES"
"A.S.D.PEŇA ANDALUZA Corso Rosmini, 1138068Rovereto339-5747007 94013900223"
"A.S.D. PUNTO FITNESS Via alla Busa, 10/A38068Rovereto0464-430908 02304170224KICK BOXING kick boxing8 – 18sisi€ 365,0010% dal secondo figlio in poiTESSUTI AEREItessuti aerei8 – 18sisi€ 375,00POLE DANCEpole dance 8 – 18sisi€ 375,00PESIsala pesi15 – 18sisi€ 365,00"
"A.S.D. QWAN KI DO Via A. G. Prato, 6138068Rovereto347-0443240 94022000221QWAN KI DOqwan ki do8 – 12sisi€ 370,0010% di sconto dal secondo figlio in poijuniores13 – 17sisi€ 440,00"
"A.S.D. ROVERETO BASEBALL Via Indipendenza, 2238068Rovereto347-6410535 94045030221"
"A.S.D. SACCO SAN GIORGIO Via L. da Vinci, 6038068Rovereto349-3400773 01374930228"
"DANZA E FITNESSattività sportiva14 – 18sisi€ 481,00"
giorgiovilla1968@gmail.comwww.asdpuntofitness.com
segreteria@asdsaccosangiorgio.it
"A.S.D. LAGARINA CRUS TEAM Via Solari, 1038060Villa Lagarina346-1181270 01275910220ATLETICA LEGGERAgioca sport8sisi€ 200,00 (2 lezioni a settimana) € 150,00 dal secondo figlio in poiavviamento atletica9 – 11sisi€ 200,00 (3 lezioni a settimana) € 150,00 una volta a settimanacategorie giovanili12 – 15sisi€ 200,00 (3 lezioni a settimana)"
"A.S.D. ATHESIS CALCIO Via XXV Aprile, 138060Volano0464-410965 02082540226CALCIOprimi calci8sisi€ 280,0020% di sconto per il secondo figliopulcini9 – 10sisi€ 280,0050% di sconto dal terzo figlio in poiesordienti 11 – 13sisi€ 280,00giovanissimi14 – 15sisi€ 280,00allievi16 – 17sino€ 280,00"
"A.S.D. S.C. VOLANO Via XXV Aprile, 1138060Volano0464-434701 85008180227CICLISMO ciclismo8 – 12sisi€ 400,00€ 50,00 dal secondo figlio in poi € 350,00 con bici di proprietà"
"ASSOCIAZIONE SPORTIVA INDIRIZZOCAPSEDE LEGALETELEFONOPEC/MAILSITO WEBC.FISCALE/P.IVADISCIPLINA PRATICATACATEGORIE MASCHILEFEMMINILE SCONTO PER L’ISCRIZIONE DEL 2°, 3°, 4° FIGLIOSCI CLUB FIAVE’ A.S.D. Via A. Degasperi, 10/d38075Fiavé340-9864554SCI DI FONDObaby e cuccioli2013-2018si€ 200,00ragazzi2011-2012sisi€ 230,00allievi2009-2010sisi€ 270,00"
"A.S.D. BRENTA NUOTO Loc. Promeghin38078347-5311423 corso nuoto annuo 1 v/sett.6-18 annisisi€ 250,006-18 annisisi€ 300,00nuoto amatoriale 2 v/sett.6-18 annisisi€ 350,00nuoto agonistico10-18 annisisi€ 450,00"
"POLISPORTIVA A.S.D. CASTEL STENICO Via Garibaldi, 238070Stenico328-2728589"
"A.S.D. HOCKEY CLUB VALRENDENA Via allo Stadio, 2538086Pinzolo379-1414029"
unione.sportiva.vallagarina@gmail.com
athesiscalcioasd@gmail.com
"A.S.D. SETTAURENSE 1934 Loc. Grilli, 238089Storo327-6905951 CALCIOcalcio6 – 17sisi€ 100,00 piccoli amici20% dal secondo figlio in poi€ 180,00 per gli altri"
A.S.D. SOC. ATLETICA VALCHIESE Piazza XVI Artiglieria38089Storo349-5337926
"ASSOCIAZIONE TENNIS DARZO Piazza XVI Artiglieria38089Storo348-6566955TENNIS E PADEL6 – 12sisi€ 150,00secondo figlio: - 10%ordinario 2h/sett 6 – 12sisi€ 600,00terzo figlio: - 20%agonisti12 – 18sisi€ 900,00"
"A.S.D. TEAMVOLLEY C8 Via C. Battisti, 5038089Storo331-4191258PALLAVOLOminivolley8 – 10sisi€ 180,00supervolley11 – 12sisi€ 180,00U1212sisi€ 180,00U1312 – 13nosi€ 180,00U1614 – 16nosi€ 180,00"
"A.S.D. BRENTA VOLLEY Via D. Chiesa, 938079Tione di Trento328-4715126 PALLAVOLOagonismo2013 e precedentisisi€ 320,00S3 Volley2014sisi€ 200,00"
asdsettaurense1934@gmail.comwww.settaurense1934.com
A.S.D. AGONISTICA VALSABBIA GIUDICARIEandreoligreta@gmail.com
